Data-Ora,Consumo
09/12/2013-00:00:00,232.35825009037404
09/12/2013-00:01:00,232.5666591982268
09/12/2013-00:02:00,232.5343417890112
09/12/2013-00:03:00,230.99261735763253
09/12/2013-00:04:00,230.5168006265433
09/12/2013-00:05:00,231.79282975691527
09/12/2013-00:06:00,221.5013203495987
09/12/2013-00:07:00,230.6897968371278
09/12/2013-00:08:00,231.47854534165032
09/12/2013-00:09:00,1000.384973274709
09/12/2013-00:10:00,335.71059918600173
09/12/2013-00:11:00,1130.7342511655822
09/12/2013-00:12:00,1197.7339172667148
09/12/2013-00:13:00,287.99012746904583
09/12/2013-00:14:00,176.1688380736983
09/12/2013-00:15:00,174.68915955846276
09/12/2013-00:16:00,190.7683246850345
09/12/2013-00:17:00,198.86722876144097
09/12/2013-00:18:00,176.0785945962865
09/12/2013-00:19:00,178.66906246318572
09/12/2013-00:20:00,188.32445822362249
09/12/2013-00:21:00,178.52312168546237
09/12/2013-00:22:00,178.81379327883332
09/12/2013-00:23:00,189.0903696598649
09/12/2013-00:24:00,176.9011743873452
09/12/2013-00:25:00,177.81990688366076
09/12/2013-00:26:00,178.5420659984289
09/12/2013-00:27:00,177.8854763833301
09/12/2013-00:28:00,206.53721829704568
09/12/2013-00:29:00,234.54351193840708
09/12/2013-00:30:00,237.91119410733413
09/12/2013-00:31:00,238.85515604718023
09/12/2013-00:32:00,258.08862574002046
09/12/2013-00:33:00,246.48713534596288
09/12/2013-00:34:00,245.04307627602367
09/12/2013-00:35:00,255.49221068490425
09/12/2013-00:36:00,243.3795846126916
09/12/2013-00:37:00,242.72236526656857
09/12/2013-00:38:00,252.4301611122905
09/12/2013-00:39:00,243.3761111242908
09/12/2013-00:40:00,240.5981114273285
09/12/2013-00:41:00,250.1216625497225
09/12/2013-00:42:00,240.52715276745727
09/12/2013-00:43:00,242.97167688356905
09/12/2013-00:44:00,252.77137670487875
09/12/2013-00:45:00,241.9805566969623
09/12/2013-00:46:00,248.71645662603743
09/12/2013-00:47:00,194.4485094719585
09/12/2013-00:48:00,174.94742549632437
09/12/2013-00:49:00,185.6879891950805
09/12/2013-00:50:00,175.565841006001
09/12/2013-00:51:00,174.875710123069
09/12/2013-00:52:00,185.65361104849896
09/12/2013-00:53:00,175.84022550930985
09/12/2013-00:54:00,175.6204390603282
09/12/2013-00:55:00,186.32508387469576
09/12/2013-00:56:00,177.6803105924965
09/12/2013-00:57:00,175.58374465292698
09/12/2013-00:58:00,184.0696083236064
09/12/2013-00:59:00,174.3917384972467
09/12/2013-01:00:00,175.62916473459617
09/12/2013-01:01:00,183.49696550665777
09/12/2013-01:02:00,175.63972335205506
09/12/2013-01:03:00,173.27302381598946
09/12/2013-01:04:00,173.3260134463229
09/12/2013-01:05:00,175.87744514088038
09/12/2013-01:06:00,136.92246047700684
09/12/2013-01:07:00,42.34242819973169
09/12/2013-01:08:00,40.258772781649874
09/12/2013-01:09:00,63.76539839681249
09/12/2013-01:10:00,90.87456937152224
09/12/2013-01:11:00,104.37815091480456
09/12/2013-01:12:00,107.3451558013217
09/12/2013-01:13:00,119.69219593833766
09/12/2013-01:14:00,109.34475686086635
09/12/2013-01:15:00,110.3615287370392
09/12/2013-01:16:00,120.40249751761822
09/12/2013-01:17:00,106.60704501133048
09/12/2013-01:18:00,103.86401437283098
09/12/2013-01:19:00,110.15919786315864
09/12/2013-01:20:00,99.18638014652858
09/12/2013-01:21:00,98.30883562857488
09/12/2013-01:22:00,97.93045682563108
09/12/2013-01:23:00,107.28330789866072
09/12/2013-01:24:00,96.78278620876154
09/12/2013-01:25:00,96.38727150285403
09/12/2013-01:26:00,106.58631094495856
09/12/2013-01:27:00,95.91599307961653
09/12/2013-01:28:00,95.73573974589952
09/12/2013-01:29:00,71.12332931361782
09/12/2013-01:30:00,32.106024769153905
09/12/2013-01:31:00,31.957334733935934
09/12/2013-01:32:00,42.00537060334781
09/12/2013-01:33:00,31.9035702834738
09/12/2013-01:34:00,39.02531599781798
09/12/2013-01:35:00,21.471752501909684
09/12/2013-01:36:00,21.505503762286025
09/12/2013-01:37:00,21.318853863072466
09/12/2013-01:38:00,21.321280861625983
09/12/2013-01:39:00,21.469034094101595
09/12/2013-01:40:00,21.47929177717436
09/12/2013-01:41:00,21.59051358399608
09/12/2013-01:42:00,21.625148025176905
09/12/2013-01:43:00,21.557278720483204
09/12/2013-01:44:00,21.552359644833484
09/12/2013-01:45:00,21.63060634886252
09/12/2013-01:46:00,21.47696163710217
09/12/2013-01:47:00,21.54458052669252
09/12/2013-01:48:00,21.553417781470564
09/12/2013-01:49:00,21.474767769945664
09/12/2013-01:50:00,26.245352694195724
09/12/2013-01:51:00,45.19672570428558
09/12/2013-01:52:00,68.94652225610501
09/12/2013-01:53:00,86.08890601098489
09/12/2013-01:54:00,89.29593557246886
09/12/2013-01:55:00,88.670180547381
09/12/2013-01:56:00,88.5231970367001
09/12/2013-01:57:00,88.3391318825351
09/12/2013-01:58:00,88.19052255498033
09/12/2013-01:59:00,88.22865169662253
09/12/2013-02:00:00,91.48231295982502
09/12/2013-02:01:00,94.4356542274368
09/12/2013-02:02:00,96.35856322093242
09/12/2013-02:03:00,97.60619520389928
09/12/2013-02:04:00,98.64678559091868
09/12/2013-02:05:00,99.34763373684112
09/12/2013-02:06:00,96.27587555337342
09/12/2013-02:07:00,93.41938599429072
09/12/2013-02:08:00,89.89894605419789
09/12/2013-02:09:00,87.46105895684418
09/12/2013-02:10:00,86.71715297836417
09/12/2013-02:11:00,86.01288174246586
09/12/2013-02:12:00,74.820509041098
09/12/2013-02:13:00,18.7534060016481
09/12/2013-02:14:00,18.704747378933604
09/12/2013-02:15:00,18.750138835230533
09/12/2013-02:16:00,18.77234292316044
09/12/2013-02:17:00,18.70686897061569
09/12/2013-02:18:00,20.41853050566735
09/12/2013-02:19:00,21.63084608347981
09/12/2013-02:20:00,21.518495397871927
09/12/2013-02:21:00,21.59146090632361
09/12/2013-02:22:00,21.51430634397236
09/12/2013-02:23:00,21.59365477348012
09/12/2013-02:24:00,21.403814212121183
09/12/2013-02:25:00,21.55079528150962
09/12/2013-02:26:00,21.55638490885673
09/12/2013-02:27:00,21.520964241228093
09/12/2013-02:28:00,21.44601979612116
09/12/2013-02:29:00,21.48582177487144
09/12/2013-02:30:00,21.48155531562589
09/12/2013-02:31:00,21.47901473397145
09/12/2013-02:32:00,21.44044149287176
09/12/2013-02:33:00,21.442756679623145
09/12/2013-02:34:00,29.212206614114223
09/12/2013-02:35:00,51.95262869394456
09/12/2013-02:36:00,73.22907708089141
09/12/2013-02:37:00,88.22878463511562
09/12/2013-02:38:00,89.36054998557292
09/12/2013-02:39:00,88.820706431093
09/12/2013-02:40:00,88.90592568316976
09/12/2013-02:41:00,88.39605057569786
09/12/2013-02:42:00,88.26043689012126
09/12/2013-02:43:00,88.15688048567448
09/12/2013-02:44:00,88.00624668193868
09/12/2013-02:45:00,87.74690372111175
09/12/2013-02:46:00,87.4889648385042
09/12/2013-02:47:00,87.29180209419161
09/12/2013-02:48:00,87.14683023146202
09/12/2013-02:49:00,86.8242527456753
09/12/2013-02:50:00,86.52535940631714
09/12/2013-02:51:00,29.483069096366545
09/12/2013-02:52:00,21.51651320181462
09/12/2013-02:53:00,21.48643677442184
09/12/2013-02:54:00,21.518808199367385
09/12/2013-02:55:00,23.808777590523064
09/12/2013-02:56:00,24.39873857422611
09/12/2013-02:57:00,24.16699895686872
09/12/2013-02:58:00,21.521553754126227
09/12/2013-02:59:00,21.47677422734293
09/12/2013-03:00:00,21.558842727960503
09/12/2013-03:01:00,21.33473276828463
09/12/2013-03:02:00,18.63266780369698
09/12/2013-03:03:00,18.71382456358992
09/12/2013-03:04:00,18.56483107622549
09/12/2013-03:05:00,18.71599591884209
09/12/2013-03:06:00,18.637788149622644
09/12/2013-03:07:00,34.41401323861018
09/12/2013-03:08:00,61.37289930195581
09/12/2013-03:09:00,78.8581181586778
09/12/2013-03:10:00,92.5558754326496
09/12/2013-03:11:00,94.72643085167128
09/12/2013-03:12:00,94.10450713731558
09/12/2013-03:13:00,93.03149483453318
09/12/2013-03:14:00,92.2225277982465
09/12/2013-03:15:00,91.35137653820033
09/12/2013-03:16:00,90.66784370462184
09/12/2013-03:17:00,90.1146895105622
09/12/2013-03:18:00,89.5558886229157
09/12/2013-03:19:00,89.13459187217396
09/12/2013-03:20:00,88.78376956687171
09/12/2013-03:21:00,88.30064283000307
09/12/2013-03:22:00,88.07779540615925
09/12/2013-03:23:00,87.75661109284546
09/12/2013-03:24:00,87.36698437178072
09/12/2013-03:25:00,87.15854712590631
09/12/2013-03:26:00,73.19579131775872
09/12/2013-03:27:00,21.402268459859936
09/12/2013-03:28:00,21.408613555620203
09/12/2013-03:29:00,21.44632729589636
09/12/2013-03:30:00,21.404439815112102
09/12/2013-03:31:00,21.45043029503991
09/12/2013-03:32:00,21.37385578510177
09/12/2013-03:33:00,21.443535939218844
09/12/2013-03:34:00,21.598866711486345
09/12/2013-03:35:00,21.45043029503991
09/12/2013-03:36:00,21.518808199367385
09/12/2013-03:37:00,21.55905900216054
09/12/2013-03:38:00,21.450122795264715
09/12/2013-03:39:00,21.587850520779817
09/12/2013-03:40:00,21.595071212118
09/12/2013-03:41:00,21.55693018011529
09/12/2013-03:42:00,21.48186811712135
09/12/2013-03:43:00,21.365632269379308
09/12/2013-03:44:00,21.40412701361664
09/12/2013-03:45:00,21.4098622644837
09/12/2013-03:46:00,21.55419104170022
09/12/2013-03:47:00,20.26251438151228
09/12/2013-03:48:00,22.94460227973056
09/12/2013-03:49:00,40.91113207163045
09/12/2013-03:50:00,67.91567597386157
09/12/2013-03:51:00,86.68951018010532
09/12/2013-03:52:00,93.3614321251336
09/12/2013-03:53:00,94.81580438737345
09/12/2013-03:54:00,95.79663650256634
09/12/2013-03:55:00,96.53623787666342
09/12/2013-03:56:00,97.30766416135036
09/12/2013-03:57:00,97.33039939886125
09/12/2013-03:58:00,95.32216952917312
09/12/2013-03:59:00,93.25342404622282
09/12/2013-04:00:00,91.91519994892568
09/12/2013-04:01:00,91.08976501555924
09/12/2013-04:02:00,90.3693698353737
09/12/2013-04:03:00,89.82046957035129
09/12/2013-04:04:00,89.35631532911326
09/12/2013-04:05:00,89.04804144987283
09/12/2013-04:06:00,88.52944808831438
09/12/2013-04:07:00,88.26965585237976
09/12/2013-04:08:00,88.0466587324789
09/12/2013-04:09:00,87.63531708687697
09/12/2013-04:10:00,34.113909980912155
09/12/2013-04:11:00,21.667786165725843
09/12/2013-04:12:00,21.706100945832283
09/12/2013-04:13:00,21.62482910260647
09/12/2013-04:14:00,21.66531732236968
09/12/2013-04:15:00,21.706403653025824
09/12/2013-04:16:00,21.66677667110663
09/12/2013-04:17:00,21.55663773418255
09/12/2013-04:18:00,21.48016321996942
09/12/2013-04:19:00,21.479333023212448
09/12/2013-04:20:00,21.520651439732628
09/12/2013-04:21:00,21.36733076286983
09/12/2013-04:22:00,21.51486808020756
09/12/2013-04:23:00,21.520651439732628
09/12/2013-04:24:00,21.51440902067933
09/12/2013-04:25:00,21.593906001233776
09/12/2013-04:26:00,21.47257390278916
09/12/2013-04:27:00,21.44522552297932
09/12/2013-04:28:00,21.51879288597592
09/12/2013-04:29:00,21.36733076286983
09/12/2013-04:30:00,21.28810015758772
09/12/2013-04:31:00,33.00709483429253
09/12/2013-04:32:00,58.38007927488881
09/12/2013-04:33:00,80.90422335801414
09/12/2013-04:34:00,94.17297194445048
09/12/2013-04:35:00,96.49913444000867
09/12/2013-04:36:00,97.82968745357938
09/12/2013-04:37:00,96.2764544474361
09/12/2013-04:38:00,95.12585742845071
09/12/2013-04:39:00,92.32786308399874
09/12/2013-04:40:00,90.26341320721566
09/12/2013-04:41:00,88.96458973094073
09/12/2013-04:42:00,88.0428609271939
09/12/2013-04:43:00,87.44216633248453
09/12/2013-04:44:00,86.8978169944544
09/12/2013-04:45:00,86.46008025678285
09/12/2013-04:46:00,86.12044786407002
09/12/2013-04:47:00,88.30389991546575
09/12/2013-04:48:00,87.82000923239288
09/12/2013-04:49:00,87.45064059018006
09/12/2013-04:50:00,87.38939983490252
09/12/2013-04:51:00,60.15646037497618
09/12/2013-04:52:00,21.51188128223437
09/12/2013-04:53:00,21.555122678622496
09/12/2013-04:54:00,21.51628459859484
09/12/2013-04:55:00,21.59174995937307
09/12/2013-04:56:00,21.368891828522543
09/12/2013-04:57:00,21.32901389835879
09/12/2013-04:58:00,21.25730508911889
09/12/2013-04:59:00,21.32537002221111
09/12/2013-05:00:00,21.26116602813153
09/12/2013-05:01:00,21.25699228762343
09/12/2013-05:02:00,21.36295817607549
09/12/2013-05:03:00,21.29562195362993
09/12/2013-05:04:00,21.404793293965664
09/12/2013-05:05:00,21.369502118122
09/12/2013-05:06:00,21.29562195362993
09/12/2013-05:07:00,21.24610868736286
09/12/2013-05:08:00,21.375682837947355
09/12/2013-05:09:00,21.44522552297932
09/12/2013-05:10:00,21.413208870399654
09/12/2013-05:11:00,21.33410778813721
09/12/2013-05:12:00,27.03590600788916
09/12/2013-05:13:00,47.30282234854613
09/12/2013-05:14:00,73.7133619387232
09/12/2013-05:15:00,91.16526320651704
09/12/2013-05:16:00,96.24234346048064
09/12/2013-05:17:00,97.47663302580504
09/12/2013-05:18:00,98.31494864611147
09/12/2013-05:19:00,99.3062146905208
09/12/2013-05:20:00,96.98786679876648
09/12/2013-05:21:00,94.46941489538249
09/12/2013-05:22:00,92.43294344619645
09/12/2013-05:23:00,91.5192508621188
09/12/2013-05:24:00,90.71329966168818
09/12/2013-05:25:00,90.03931180981586
09/12/2013-05:26:00,88.3749942828162
09/12/2013-05:27:00,86.31712967793638
09/12/2013-05:28:00,85.93514531025595
09/12/2013-05:29:00,85.64026738350634
09/12/2013-05:30:00,85.31169872447968
09/12/2013-05:31:00,84.92466456108215
09/12/2013-05:32:00,84.68376891850038
09/12/2013-05:33:00,62.94936524361416
09/12/2013-05:34:00,18.71104271112379
09/12/2013-05:35:00,18.67441543037322
09/12/2013-05:36:00,20.12615631524165
09/12/2013-05:37:00,21.44632729589636
09/12/2013-05:38:00,21.36718693137061
09/12/2013-05:39:00,21.447695796711194
09/12/2013-05:40:00,21.47969676186918
09/12/2013-05:41:00,21.4773815751178
09/12/2013-05:42:00,21.553417781470564
09/12/2013-05:43:00,21.40415671548368
09/12/2013-05:44:00,21.365030889509903
09/12/2013-05:45:00,21.39580914229096
09/12/2013-05:46:00,21.52033863823717
09/12/2013-05:47:00,21.47769437661325
09/12/2013-05:48:00,21.55638490885673
09/12/2013-05:49:00,21.44245919151915
09/12/2013-05:50:00,21.43780061251582
09/12/2013-05:51:00,21.551246426218395
09/12/2013-05:52:00,21.479333023212448
09/12/2013-05:53:00,21.479086472269724
09/12/2013-05:54:00,21.474767769945664
09/12/2013-05:55:00,33.33859957286949
09/12/2013-05:56:00,58.496925249402665
09/12/2013-05:57:00,81.12642051956819
09/12/2013-05:58:00,94.46691217853598
09/12/2013-05:59:00,96.50565546403548
09/12/2013-06:00:00,97.81252610330743
09/12/2013-06:01:00,98.53183486741597
09/12/2013-06:02:00,98.56655237788408
09/12/2013-06:03:00,95.79988713711955
09/12/2013-06:04:00,93.61046298337725
09/12/2013-06:05:00,92.02751274442964
09/12/2013-06:06:00,91.06119506342694
09/12/2013-06:07:00,90.32940122791769
09/12/2013-06:08:00,89.75188660853412
09/12/2013-06:09:00,89.37229044724882
09/12/2013-06:10:00,88.98875182724734
09/12/2013-06:11:00,88.53149791070234
09/12/2013-06:12:00,88.22770212292984
09/12/2013-06:13:00,87.7867838163678
09/12/2013-06:14:00,87.5940730677637
09/12/2013-06:15:00,87.38170871559977
09/12/2013-06:16:00,45.67208481309242
09/12/2013-06:17:00,18.76257461294661
09/12/2013-06:18:00,18.60362971222824
09/12/2013-06:19:00,18.724141135011177
09/12/2013-06:20:00,18.615072243808843
09/12/2013-06:21:00,18.68951266350677
09/12/2013-06:22:00,18.72412587707311
09/12/2013-06:23:00,18.726260429693884
09/12/2013-06:24:00,18.633614409114543
09/12/2013-06:25:00,18.797897030563863
09/12/2013-06:26:00,21.373203704629454
09/12/2013-06:27:00,21.44553832447477
09/12/2013-06:28:00,21.40447500472467
09/12/2013-06:29:00,21.560276786031253
09/12/2013-06:30:00,21.44077629411449
09/12/2013-06:31:00,21.403390943777048
09/12/2013-06:32:00,21.450122795264715
09/12/2013-06:33:00,21.408300754124745
09/12/2013-06:34:00,21.33314636086836
09/12/2013-06:35:00,21.52001625525024
09/12/2013-06:36:00,21.447396878231483
09/12/2013-06:37:00,21.48155531562589
09/12/2013-06:38:00,31.966665540496702
09/12/2013-06:39:00,250.7194922557688
09/12/2013-06:40:00,910.5580117995112
09/12/2013-06:41:00,104.45940074377803
09/12/2013-06:42:00,117.52471056746228
09/12/2013-06:43:00,134.582241833847
09/12/2013-06:44:00,135.50746849376694
09/12/2013-06:45:00,119.67237525320962
09/12/2013-06:46:00,106.3445891261562
09/12/2013-06:47:00,130.59429002138629
09/12/2013-06:48:00,123.46363565646082
09/12/2013-06:49:00,101.3859056450994
09/12/2013-06:50:00,208.2334576330753
09/12/2013-06:51:00,1100.3207608436448
09/12/2013-06:52:00,186.23692349995
09/12/2013-06:53:00,106.75978549430502
09/12/2013-06:54:00,957.7349443458476
09/12/2013-06:55:00,250.09912612332232
09/12/2013-06:56:00,97.81603788721344
09/12/2013-06:57:00,121.30089915034912
09/12/2013-06:58:00,106.22000145158368
09/12/2013-06:59:00,102.67970815943104
09/12/2013-07:00:00,33.248002237559
09/12/2013-07:01:00,31.089608154115613
09/12/2013-07:02:00,30.93399328268673
09/12/2013-07:03:00,31.037563596039814
09/12/2013-07:04:00,30.961044854244456
09/12/2013-07:05:00,30.05545874665451
09/12/2013-07:06:00,28.428875031445912
09/12/2013-07:07:00,28.44444105594135
09/12/2013-07:08:00,20.66340432089038
09/12/2013-07:09:00,16.855908026492404
09/12/2013-07:10:00,16.845626068939353
09/12/2013-07:11:00,22.36003683729528
09/12/2013-07:12:00,28.388074010187243
09/12/2013-07:13:00,28.355272198946032
09/12/2013-07:14:00,28.396057028379616
09/12/2013-07:15:00,29.498420331616053
09/12/2013-07:16:00,32.78143471133846
09/12/2013-07:17:00,34.07867762482163
09/12/2013-07:18:00,33.957883223329944
09/12/2013-07:19:00,33.82317165075642
09/12/2013-07:20:00,33.819038649061966
09/12/2013-07:21:00,57.147425309706406
09/12/2013-07:22:00,78.5187588215364
09/12/2013-07:23:00,95.84226608684384
09/12/2013-07:24:00,109.29178001727846
09/12/2013-07:25:00,111.10895567507758
09/12/2013-07:26:00,111.6449284695731
09/12/2013-07:27:00,111.93237701048685
09/12/2013-07:28:00,112.211213986862
09/12/2013-07:29:00,112.4992533443984
09/12/2013-07:30:00,114.86335908328876
09/12/2013-07:31:00,113.28587432108156
09/12/2013-07:32:00,111.64554729788831
09/12/2013-07:33:00,112.89648535579212
09/12/2013-07:34:00,113.59148674171723
09/12/2013-07:35:00,113.73713710946863
09/12/2013-07:36:00,113.81473933936276
09/12/2013-07:37:00,113.97780891069137
09/12/2013-07:38:00,113.9376933824826
09/12/2013-07:39:00,113.89948509571082
09/12/2013-07:40:00,113.94131635126136
09/12/2013-07:41:00,113.8995472725277
09/12/2013-07:42:00,114.12510988283292
09/12/2013-07:43:00,114.01518862640242
09/12/2013-07:44:00,113.93562838331978
09/12/2013-07:45:00,113.9414532845732
09/12/2013-07:46:00,114.1187689811286
09/12/2013-07:47:00,114.00928679736096
09/12/2013-07:48:00,114.24705154652762
09/12/2013-07:49:00,114.19925149680792
09/12/2013-07:50:00,114.08475233590757
09/12/2013-07:51:00,114.04797981115752
09/12/2013-07:52:00,114.04995330491354
09/12/2013-07:53:00,113.9801149872641
09/12/2013-07:54:00,113.93810212686633
09/12/2013-07:55:00,111.6871099282818
09/12/2013-07:56:00,111.09163902138567
09/12/2013-07:57:00,111.2085231910236
09/12/2013-07:58:00,111.01642138500011
09/12/2013-07:59:00,111.01993789388229
09/12/2013-08:00:00,111.0238026737632
09/12/2013-08:01:00,110.98734952851196
09/12/2013-08:02:00,111.02951971287112
09/12/2013-08:03:00,111.0238026737632
09/12/2013-08:04:00,111.1709690283914
09/12/2013-08:05:00,113.2374513093702
09/12/2013-08:06:00,113.60117280805052
09/12/2013-08:07:00,113.14053049141184
09/12/2013-08:08:00,109.3280932063107
09/12/2013-08:09:00,106.39079322173316
09/12/2013-08:10:00,104.29676087736446
09/12/2013-08:11:00,102.96922035545686
09/12/2013-08:12:00,101.85739153295836
09/12/2013-08:13:00,101.0496103495733
09/12/2013-08:14:00,33.268525419242025
09/12/2013-08:15:00,30.400188953354363
09/12/2013-08:16:00,21.87988058421522
09/12/2013-08:17:00,21.77523290577881
09/12/2013-08:18:00,21.959979968868872
09/12/2013-08:19:00,31.00297908185636
09/12/2013-08:20:00,31.03468648085748
09/12/2013-08:21:00,30.86396889170417
09/12/2013-08:22:00,30.913674798377453
09/12/2013-08:23:00,30.80415215931518
09/12/2013-08:24:00,30.93065381438231
09/12/2013-08:25:00,30.976201390210555
09/12/2013-08:26:00,30.85240330385414
09/12/2013-08:27:00,31.0151386922094
09/12/2013-08:28:00,30.82136170047921
09/12/2013-08:29:00,30.90494404846221
09/12/2013-08:30:00,30.818395061368022
09/12/2013-08:31:00,30.74376886615798
09/12/2013-08:32:00,30.900944443453483
09/12/2013-08:33:00,30.790714330203027
09/12/2013-08:34:00,39.17356406926705
09/12/2013-08:35:00,62.61050597507959
09/12/2013-08:36:00,84.6133390509712
09/12/2013-08:37:00,99.30655988178316
09/12/2013-08:38:00,100.49197628623872
09/12/2013-08:39:00,100.27439412009852
09/12/2013-08:40:00,99.8804883873824
09/12/2013-08:41:00,99.51876971354804
09/12/2013-08:42:00,99.47881111943217
09/12/2013-08:43:00,99.12945110009233
09/12/2013-08:44:00,100.70581890871009
09/12/2013-08:45:00,94.50676147416677
09/12/2013-08:46:00,95.01375836064967
09/12/2013-08:47:00,95.1041213234726
09/12/2013-08:48:00,95.0305570746935
09/12/2013-08:49:00,94.9132537865695
09/12/2013-08:50:00,94.7332110718391
09/12/2013-08:51:00,36.24677126970724
09/12/2013-08:52:00,28.28389305349319
09/12/2013-08:53:00,28.353100843693863
09/12/2013-08:54:00,29.39400751958201
09/12/2013-08:55:00,31.122294205458395
09/12/2013-08:56:00,30.91166108847635
09/12/2013-08:57:00,44.366446514666535
09/12/2013-08:58:00,30.81787414083012
09/12/2013-08:59:00,30.93581318350196
09/12/2013-09:00:00,30.98474541978084
09/12/2013-09:01:00,31.080145769606595
09/12/2013-09:02:00,30.96286479439588
09/12/2013-09:03:00,31.015590159700952
09/12/2013-09:04:00,30.99569077395984
09/12/2013-09:05:00,30.983124643216897
09/12/2013-09:06:00,32.27127427457968
09/12/2013-09:07:00,34.016723369466014
09/12/2013-09:08:00,33.974739258496726
09/12/2013-09:09:00,33.927682063623024
09/12/2013-09:10:00,33.31004006982574
09/12/2013-09:11:00,37.654757714909
09/12/2013-09:12:00,64.99549965357383
09/12/2013-09:13:00,83.61616411291666
09/12/2013-09:14:00,98.31869439874598
09/12/2013-09:15:00,105.7097256069684
09/12/2013-09:16:00,104.49701947966952
09/12/2013-09:17:00,103.39685937316236
09/12/2013-09:18:00,102.10852364126968
09/12/2013-09:19:00,101.55253493636992
09/12/2013-09:20:00,100.78942832719548
09/12/2013-09:21:00,100.2361756520874
09/12/2013-09:22:00,99.89972117919936
09/12/2013-09:23:00,99.64873710114097
09/12/2013-09:24:00,105.89626594724318
09/12/2013-09:25:00,97.31958344077752
09/12/2013-09:26:00,97.72571491551952
09/12/2013-09:27:00,97.9691125717382
09/12/2013-09:28:00,97.8196409341178
09/12/2013-09:29:00,97.64659897722818
09/12/2013-09:30:00,79.8439831747527
09/12/2013-09:31:00,30.90057377206331
09/12/2013-09:32:00,31.10272905044749
09/12/2013-09:33:00,30.931097629882483
09/12/2013-09:34:00,28.97358999966431
09/12/2013-09:35:00,28.282156511055483
09/12/2013-09:36:00,28.31464531318673
09/12/2013-09:37:00,28.2106797616728
09/12/2013-09:38:00,29.85310782119849
09/12/2013-09:39:00,28.277843896936787
09/12/2013-09:40:00,28.21724657663856
09/12/2013-09:41:00,28.31647356294329
09/12/2013-09:42:00,28.204276326325683
09/12/2013-09:43:00,36.58381525462778
09/12/2013-09:44:00,50.44693106091033
09/12/2013-09:45:00,47.72698544546148
09/12/2013-09:46:00,47.5730773041085
09/12/2013-09:47:00,54.45744863075635
09/12/2013-09:48:00,59.21770981429804
09/12/2013-09:49:00,59.313047945392434
09/12/2013-09:50:00,59.36510620328224
09/12/2013-09:51:00,63.56266554235498
09/12/2013-09:52:00,82.04040505824881
09/12/2013-09:53:00,106.33625243308596
09/12/2013-09:54:00,123.97977581879964
09/12/2013-09:55:00,128.19742935205898
09/12/2013-09:56:00,127.32315532484972
09/12/2013-09:57:00,127.29135503730546
09/12/2013-09:58:00,127.1097605858166
09/12/2013-09:59:00,127.03878472163456
09/12/2013-10:00:00,126.7144676156948
09/12/2013-10:01:00,127.2170161138218
09/12/2013-10:02:00,131.6465499058413
09/12/2013-10:03:00,134.1529095922241
09/12/2013-10:04:00,135.67466429276473
09/12/2013-10:05:00,137.2143231883514
09/12/2013-10:06:00,138.2222130115075
09/12/2013-10:07:00,136.21769604798894
09/12/2013-10:08:00,132.88489010090476
09/12/2013-10:09:00,130.7058202517305
09/12/2013-10:10:00,129.14068159306476
09/12/2013-10:11:00,128.3459309575365
09/12/2013-10:12:00,127.21284051363774
09/12/2013-10:13:00,126.40586972146588
09/12/2013-10:14:00,125.8696284109179
09/12/2013-10:15:00,125.5213808014568
09/12/2013-10:16:00,125.11321352324124
09/12/2013-10:17:00,124.89035627540642
09/12/2013-10:18:00,124.671605545396
09/12/2013-10:19:00,124.53211023262476
09/12/2013-10:20:00,124.34882811013748
09/12/2013-10:21:00,124.09314844838106
09/12/2013-10:22:00,123.9341304251156
09/12/2013-10:23:00,123.04740834447388
09/12/2013-10:24:00,120.67762022620828
09/12/2013-10:25:00,120.6455018751498
09/12/2013-10:26:00,120.53712389832891
09/12/2013-10:27:00,120.3869844895638
09/12/2013-10:28:00,122.78470417806778
09/12/2013-10:29:00,183.80633424768192
09/12/2013-10:30:00,280.7944740365539
09/12/2013-10:31:00,286.41465512782446
09/12/2013-10:32:00,290.7532445058913
09/12/2013-10:33:00,287.856960175812
09/12/2013-10:34:00,288.9549088308419
09/12/2013-10:35:00,276.41280000563063
09/12/2013-10:36:00,278.8736314733939
09/12/2013-10:37:00,281.9343251572661
09/12/2013-10:38:00,275.9276970955474
09/12/2013-10:39:00,652.0918668184538
09/12/2013-10:40:00,1970.37550727174
09/12/2013-10:41:00,1984.8584803207773
09/12/2013-10:42:00,2006.975413285944
09/12/2013-10:43:00,2051.840801657086
09/12/2013-10:44:00,2597.458127973642
09/12/2013-10:45:00,3830.546030660952
09/12/2013-10:46:00,3136.352341199637
09/12/2013-10:47:00,2182.767967866347
09/12/2013-10:48:00,2185.4094651141904
09/12/2013-10:49:00,2171.767272165334
09/12/2013-10:50:00,2162.1390636562487
09/12/2013-10:51:00,2168.691613909022
09/12/2013-10:52:00,2268.74540643211
09/12/2013-10:53:00,2349.9216631580434
09/12/2013-10:54:00,2341.842609772032
09/12/2013-10:55:00,2323.895861126728
09/12/2013-10:56:00,2316.958026108453
09/12/2013-10:57:00,2323.7546238898763
09/12/2013-10:58:00,2327.084892223124
09/12/2013-10:59:00,2329.2654932725754
09/12/2013-11:00:00,1194.313462623352
09/12/2013-11:01:00,499.4829379751806
09/12/2013-11:02:00,502.1845529332757
09/12/2013-11:03:00,504.9287577070398
09/12/2013-11:04:00,495.840786054717
09/12/2013-11:05:00,453.65312062700224
09/12/2013-11:06:00,445.7998673931696
09/12/2013-11:07:00,458.3980186193517
09/12/2013-11:08:00,464.5046258126897
09/12/2013-11:09:00,457.95040098803264
09/12/2013-11:10:00,459.60307217472393
09/12/2013-11:11:00,462.13601495315135
09/12/2013-11:12:00,460.28050512514176
09/12/2013-11:13:00,456.4755339486409
09/12/2013-11:14:00,436.4889214547664
09/12/2013-11:15:00,444.7815853391517
09/12/2013-11:16:00,1217.5250074842957
09/12/2013-11:17:00,1712.1491493298197
09/12/2013-11:18:00,2317.323937506613
09/12/2013-11:19:00,2199.5014421234505
09/12/2013-11:20:00,2084.05155290433
09/12/2013-11:21:00,2084.8177734095098
09/12/2013-11:22:00,2115.737216256176
09/12/2013-11:23:00,2147.068875476222
09/12/2013-11:24:00,2184.66090653286
09/12/2013-11:25:00,2210.5622393621807
09/12/2013-11:26:00,2209.3204166404475
09/12/2013-11:27:00,2204.338410020252
09/12/2013-11:28:00,2189.426302368745
09/12/2013-11:29:00,2185.2832082545983
09/12/2013-11:30:00,2189.429330791904
09/12/2013-11:31:00,2189.383643973445
09/12/2013-11:32:00,2162.762807957625
09/12/2013-11:33:00,346.6149128480146
09/12/2013-11:34:00,304.00590174571835
09/12/2013-11:35:00,302.43814342586154
09/12/2013-11:36:00,305.29370611078986
09/12/2013-11:37:00,308.4027773073169
09/12/2013-11:38:00,314.8918997939803
09/12/2013-11:39:00,312.1152664050537
09/12/2013-11:40:00,315.37515336368745
09/12/2013-11:41:00,314.1315322175714
09/12/2013-11:42:00,321.0437572333126
09/12/2013-11:43:00,313.7213525982657
09/12/2013-11:44:00,314.08497420083165
09/12/2013-11:45:00,310.31889967170184
09/12/2013-11:46:00,305.8630633594317
09/12/2013-11:47:00,305.1481529149344
09/12/2013-11:48:00,301.6222797773996
09/12/2013-11:49:00,296.30413373216754
09/12/2013-11:50:00,295.9713439831432
09/12/2013-11:51:00,286.0401975210747
09/12/2013-11:52:00,278.2771686355753
09/12/2013-11:53:00,279.8620793246454
09/12/2013-11:54:00,284.0782185072856
09/12/2013-11:55:00,285.37003764943114
09/12/2013-11:56:00,287.2473475701414
09/12/2013-11:57:00,293.8679754714948
09/12/2013-11:58:00,287.09121976177244
09/12/2013-11:59:00,286.5440831888669
09/12/2013-12:00:00,290.3072661783166
09/12/2013-12:01:00,295.5316803103297
09/12/2013-12:02:00,282.5659625172189
09/12/2013-12:03:00,234.6216091573885
09/12/2013-12:04:00,221.8158668645621
09/12/2013-12:05:00,221.03657436958687
09/12/2013-12:06:00,213.86141855197965
09/12/2013-12:07:00,196.79150797751004
09/12/2013-12:08:00,198.6312451888124
09/12/2013-12:09:00,181.63953395247376
09/12/2013-12:10:00,176.31922369754133
09/12/2013-12:11:00,188.5409766885545
09/12/2013-12:12:00,194.33224513590844
09/12/2013-12:13:00,188.28679197641551
09/12/2013-12:14:00,181.6646020726936
09/12/2013-12:15:00,186.01888535871623
09/12/2013-12:16:00,182.53922741501384
09/12/2013-12:17:00,191.41746494530875
09/12/2013-12:18:00,189.7748717745285
09/12/2013-12:19:00,177.4353242364859
09/12/2013-12:20:00,165.40221054716815
09/12/2013-12:21:00,252.34169920624984
09/12/2013-12:22:00,268.45493443926966
09/12/2013-12:23:00,275.6694460058347
09/12/2013-12:24:00,273.29419127995504
09/12/2013-12:25:00,263.28650481263776
09/12/2013-12:26:00,251.7697758884675
09/12/2013-12:27:00,256.88190365315694
09/12/2013-12:28:00,244.5847080174621
09/12/2013-12:29:00,269.1026645084458
09/12/2013-12:30:00,274.2865607505452
09/12/2013-12:31:00,276.1506010729208
09/12/2013-12:32:00,261.698153718426
09/12/2013-12:33:00,282.6787399349082
09/12/2013-12:34:00,233.2188848616377
09/12/2013-12:35:00,251.62858780099504
09/12/2013-12:36:00,265.5554695604399
09/12/2013-12:37:00,216.45918154720368
09/12/2013-12:38:00,253.9854876295456
09/12/2013-12:39:00,245.9055345204165
09/12/2013-12:40:00,197.81384267575424
09/12/2013-12:41:00,182.0440491944719
09/12/2013-12:42:00,201.35040183779768
09/12/2013-12:43:00,192.45067155885675
09/12/2013-12:44:00,177.18035657476528
09/12/2013-12:45:00,197.9816391302537
09/12/2013-12:46:00,201.9356397110833
09/12/2013-12:47:00,200.16789127769405
09/12/2013-12:48:00,193.0258081143856
09/12/2013-12:49:00,205.41899251297176
09/12/2013-12:50:00,200.4045991666188
09/12/2013-12:51:00,198.820637706369
09/12/2013-12:52:00,195.8213653421012
09/12/2013-12:53:00,190.99841992359623
09/12/2013-12:54:00,197.86437242986247
09/12/2013-12:55:00,192.42524727426508
09/12/2013-12:56:00,193.57530332398952
09/12/2013-12:57:00,201.39136258971268
09/12/2013-12:58:00,199.35551794491715
09/12/2013-12:59:00,211.4299544333704
09/12/2013-13:00:00,244.6923957186673
09/12/2013-13:01:00,256.1166517528174
09/12/2013-13:02:00,267.67372774899417
09/12/2013-13:03:00,269.9858624835441
09/12/2013-13:04:00,264.6912697652539
09/12/2013-13:05:00,265.8417766259371
09/12/2013-13:06:00,269.763643775274
09/12/2013-13:07:00,268.02442489315354
09/12/2013-13:08:00,267.8948781767048
09/12/2013-13:09:00,266.74053168702994
09/12/2013-13:10:00,268.04250135323895
09/12/2013-13:11:00,254.44852570214016
09/12/2013-13:12:00,268.5472690006086
09/12/2013-13:13:00,241.24067037581256
09/12/2013-13:14:00,204.29245388030984
09/12/2013-13:15:00,202.6319836897462
09/12/2013-13:16:00,201.4866796344133
09/12/2013-13:17:00,202.2063990651172
09/12/2013-13:18:00,193.0153843492668
09/12/2013-13:19:00,191.882822680944
09/12/2013-13:20:00,190.63772426100795
09/12/2013-13:21:00,199.96138470677
09/12/2013-13:22:00,200.90739779239863
09/12/2013-13:23:00,203.3567505237904
09/12/2013-13:24:00,203.4053431079004
09/12/2013-13:25:00,195.64822705918093
09/12/2013-13:26:00,191.2436438516663
09/12/2013-13:27:00,185.23540864510065
09/12/2013-13:28:00,188.75342031831653
09/12/2013-13:29:00,202.3356548077194
09/12/2013-13:30:00,194.8745380560325
09/12/2013-13:31:00,202.01153558811424
09/12/2013-13:32:00,227.22349901284184
09/12/2013-13:33:00,252.08082285203864
09/12/2013-13:34:00,269.0456120269302
09/12/2013-13:35:00,276.4943966127859
09/12/2013-13:36:00,276.910347975935
09/12/2013-13:37:00,274.3635402372905
09/12/2013-13:38:00,274.24917709068006
09/12/2013-13:39:00,274.6262308479964
09/12/2013-13:40:00,273.33573717435263
09/12/2013-13:41:00,270.48387869271835
09/12/2013-13:42:00,269.6732169285124
09/12/2013-13:43:00,266.8152947833237
09/12/2013-13:44:00,265.6720448005703
09/12/2013-13:45:00,267.03501831318687
09/12/2013-13:46:00,257.0603770487367
09/12/2013-13:47:00,253.0873765493348
09/12/2013-13:48:00,260.49357565767275
09/12/2013-13:49:00,264.8707114806619
09/12/2013-13:50:00,227.7037689658984
09/12/2013-13:51:00,200.60736501016552
09/12/2013-13:52:00,201.9398954561653
09/12/2013-13:53:00,202.8165466017816
09/12/2013-13:54:00,202.8915857724144
09/12/2013-13:55:00,201.2368762465798
09/12/2013-13:56:00,202.67423202954333
09/12/2013-13:57:00,202.5340444908769
09/12/2013-13:58:00,200.29495712368583
09/12/2013-13:59:00,193.9952458909323
09/12/2013-14:00:00,202.20923175852323
09/12/2013-14:01:00,201.8485918706819
09/12/2013-14:02:00,200.9454036121268
09/12/2013-14:03:00,201.7015859504585
09/12/2013-14:04:00,201.63166118925645
09/12/2013-14:05:00,191.6582331035188
09/12/2013-14:06:00,187.0127088688184
09/12/2013-14:07:00,199.79756802827936
09/12/2013-14:08:00,201.238066495162
09/12/2013-14:09:00,206.8909950655403
09/12/2013-14:10:00,225.8562807865265
09/12/2013-14:11:00,243.87645429960017
09/12/2013-14:12:00,255.5282103986256
09/12/2013-14:13:00,265.54976618811367
09/12/2013-14:14:00,261.9796544893828
09/12/2013-14:15:00,272.4713318902428
09/12/2013-14:16:00,278.7523958915045
09/12/2013-14:17:00,270.4077658941513
09/12/2013-14:18:00,269.3336230889034
09/12/2013-14:19:00,266.64155132128064
09/12/2013-14:20:00,257.04581911517414
09/12/2013-14:21:00,261.6989919894464
09/12/2013-14:22:00,272.84119287350904
09/12/2013-14:23:00,269.76617537824114
09/12/2013-14:24:00,273.25281715008026
09/12/2013-14:25:00,271.0282150701483
09/12/2013-14:26:00,258.2014207724803
09/12/2013-14:27:00,262.1037005192118
09/12/2013-14:28:00,267.4823170159004
09/12/2013-14:29:00,203.4298441277059
09/12/2013-14:30:00,197.20247921447373
09/12/2013-14:31:00,196.1434820707662
09/12/2013-14:32:00,190.8905355221993
09/12/2013-14:33:00,189.9030376738419
09/12/2013-14:34:00,188.03335378665028
09/12/2013-14:35:00,189.575031476534
09/12/2013-14:36:00,197.0237987423604
09/12/2013-14:37:00,196.4198517276045
09/12/2013-14:38:00,158.6872326481709
09/12/2013-14:39:00,19.533550417897487
09/12/2013-14:40:00,18.64915845654848
09/12/2013-14:41:00,20.5014019091741
09/12/2013-14:42:00,21.449815295489515
09/12/2013-14:43:00,21.37294833961864
09/12/2013-14:44:00,21.40727881841052
09/12/2013-14:45:00,21.44496129838248
09/12/2013-14:46:00,21.55328823630344
09/12/2013-14:47:00,21.772900572170062
09/12/2013-14:48:00,35.57520328085988
09/12/2013-14:49:00,62.3333833069062
09/12/2013-14:50:00,83.72334901190575
09/12/2013-14:51:00,95.44930123896852
09/12/2013-14:52:00,97.09327751621336
09/12/2013-14:53:00,98.1687957421087
09/12/2013-14:54:00,98.20509385104091
09/12/2013-14:55:00,95.53808052916236
09/12/2013-14:56:00,93.78357945373044
09/12/2013-14:57:00,92.51302437714776
09/12/2013-14:58:00,91.6760497883472
09/12/2013-14:59:00,91.0549575116626
09/12/2013-15:00:00,90.5564264556123
09/12/2013-15:01:00,90.0748531527414
09/12/2013-15:02:00,89.7105601930269
09/12/2013-15:03:00,89.33998168626916
09/12/2013-15:04:00,89.00290981347653
09/12/2013-15:05:00,88.74837279559448
09/12/2013-15:06:00,65.63700964854377
09/12/2013-15:07:00,21.52001625525024
09/12/2013-15:08:00,21.667473364230386
09/12/2013-15:09:00,21.555107365231034
09/12/2013-15:10:00,21.518032754885
09/12/2013-15:11:00,21.591421844486145
09/12/2013-15:12:00,21.555715234856955
09/12/2013-15:13:00,21.54430635425013
09/12/2013-15:14:00,21.51773937339197
09/12/2013-15:15:00,21.70410064498096
09/12/2013-15:16:00,21.589578604120906
09/12/2013-15:17:00,21.55646623282044
09/12/2013-15:18:00,21.592029214014072
09/12/2013-15:19:00,21.59365477348012
09/12/2013-15:20:00,21.483394674270112
09/12/2013-15:21:00,18.8304845725669
09/12/2013-15:22:00,18.857551834126085
09/12/2013-15:23:00,18.64147992146864
09/12/2013-15:24:00,18.80929428728597
09/12/2013-15:25:00,19.628007015784192
09/12/2013-15:26:00,33.11339261807439
09/12/2013-15:27:00,59.63969725592065
09/12/2013-15:28:00,80.92890641745373
09/12/2013-15:29:00,92.39846918129764
09/12/2013-15:30:00,94.13680286866328
09/12/2013-15:31:00,97.99149025378324
09/12/2013-15:32:00,98.79266146956952
09/12/2013-15:33:00,96.72391281867604
09/12/2013-15:34:00,94.43029352864713
09/12/2013-15:35:00,92.94600889908632
09/12/2013-15:36:00,91.99416896672248
09/12/2013-15:37:00,91.31598344021202
09/12/2013-15:38:00,90.66028467332669
09/12/2013-15:39:00,90.26053395815254
09/12/2013-15:40:00,89.85899334394357
09/12/2013-15:41:00,89.29639024662414
09/12/2013-15:42:00,89.00446200178729
09/12/2013-15:43:00,88.69948684558713
09/12/2013-15:44:00,84.15664748413514
09/12/2013-15:45:00,21.665302008978216
09/12/2013-15:46:00,21.70247565071336
09/12/2013-15:47:00,21.701944603120253
09/12/2013-15:48:00,21.623932694252435
09/12/2013-15:49:00,21.625884743261047
09/12/2013-15:50:00,12.37519090434193
09/12/2013-15:51:00,12.300179949806935
09/12/2013-15:52:00,12.311670978353275
09/12/2013-15:53:00,20.050184946122727
09/12/2013-15:54:00,21.625593641000016
09/12/2013-15:55:00,21.62362519447724
09/12/2013-15:56:00,21.52033863823717
09/12/2013-15:57:00,21.481275277539595
09/12/2013-15:58:00,21.485821774871432
09/12/2013-15:59:00,21.515713753020297
09/12/2013-16:00:00,21.55403923426692
09/12/2013-16:01:00,21.516011241124293
09/12/2013-16:02:00,21.5177252551098
09/12/2013-16:03:00,21.593856266859653
09/12/2013-16:04:00,27.58197218897884
09/12/2013-16:05:00,49.22009509470757
09/12/2013-16:06:00,74.82799728915104
09/12/2013-16:07:00,91.59001503843731
09/12/2013-16:08:00,95.98956364096398
09/12/2013-16:09:00,97.4769549215333
09/12/2013-16:10:00,97.08539458510552
09/12/2013-16:11:00,95.06115137093693
09/12/2013-16:12:00,92.39845791638894
09/12/2013-16:13:00,90.61939556580992
09/12/2013-16:14:00,89.55588121373522
09/12/2013-16:15:00,88.57540832606485
09/12/2013-16:16:00,88.15614463417113
09/12/2013-16:17:00,87.64615696435379
09/12/2013-16:18:00,87.05926156796261
09/12/2013-16:19:00,86.67078269666327
09/12/2013-16:20:00,87.89820868519816
09/12/2013-16:21:00,88.7803598777367
09/12/2013-16:22:00,88.47337960177985
09/12/2013-16:23:00,55.27796317064912
09/12/2013-16:24:00,21.70035615193503
09/12/2013-16:25:00,21.701929289728785
09/12/2013-16:26:00,21.628328139328733
09/12/2013-16:27:00,21.741040727226995
09/12/2013-16:28:00,21.55403923426692
09/12/2013-16:29:00,21.74104072722699
09/12/2013-16:30:00,21.55403923426692
09/12/2013-16:31:00,21.738869371974825
09/12/2013-16:32:00,21.666161671556235
09/12/2013-16:33:00,21.628377240123644
09/12/2013-16:34:00,21.587560905473502
09/12/2013-16:35:00,21.62984769239912
09/12/2013-16:36:00,21.701217403324502
09/12/2013-16:37:00,21.66580082630805
09/12/2013-16:38:00,21.58893316787865
09/12/2013-16:39:00,21.6277281936208
09/12/2013-16:40:00,21.6996141029774
09/12/2013-16:41:00,21.70490264926688
09/12/2013-16:42:00,22.73810360651771
09/12/2013-16:43:00,36.59104913512965
09/12/2013-16:44:00,63.48002442864427
09/12/2013-16:45:00,84.2017138089162
09/12/2013-16:46:00,94.98717349194943
09/12/2013-16:47:00,96.28160293549378
09/12/2013-16:48:00,97.37482138685591
09/12/2013-16:49:00,98.31279783898408
09/12/2013-16:50:00,96.24080160281336
09/12/2013-16:51:00,94.06632306252428
09/12/2013-16:52:00,92.66120014089672
09/12/2013-16:53:00,91.60281999464944
09/12/2013-16:54:00,90.80925764207718
09/12/2013-16:55:00,90.22285886516808
09/12/2013-16:56:00,89.74026294532241
09/12/2013-16:57:00,89.24414478009861
09/12/2013-16:58:00,88.94744374031349
09/12/2013-16:59:00,88.58583852826352
09/12/2013-17:00:00,85.79187910123609
09/12/2013-17:01:00,85.21333439328126
09/12/2013-17:02:00,32.7757387552476
09/12/2013-17:03:00,18.56206474476533
09/12/2013-17:04:00,18.615813992994607
09/12/2013-17:05:00,18.637475140512684
09/12/2013-17:06:00,18.723833431140367
09/12/2013-17:07:00,18.637475140512684
09/12/2013-17:08:00,18.70887135587162
09/12/2013-17:09:00,18.79646159355021
09/12/2013-17:10:00,21.44044149287176
09/12/2013-17:11:00,21.481242514130425
09/12/2013-17:12:00,21.447388296936
09/12/2013-17:13:00,21.48155531562589
09/12/2013-17:14:00,21.447388296936
09/12/2013-17:15:00,21.37294833961864
09/12/2013-17:16:00,21.36656132837969
09/12/2013-17:17:00,21.332249234380505
09/12/2013-17:18:00,21.32809080726387
09/12/2013-17:19:00,21.37340689164938
09/12/2013-17:20:00,21.291448213121832
09/12/2013-17:21:00,22.73719794018085
09/12/2013-17:22:00,36.70121372425983
09/12/2013-17:23:00,63.36860768381101
09/12/2013-17:24:00,83.97540440647111
09/12/2013-17:25:00,94.80197050633282
09/12/2013-17:26:00,96.16862202565028
09/12/2013-17:27:00,97.26164402350112
09/12/2013-17:28:00,97.74172402249782
09/12/2013-17:29:00,95.24553019592112
09/12/2013-17:30:00,93.34435768617097
09/12/2013-17:31:00,91.94557219144468
09/12/2013-17:32:00,91.13078102363724
09/12/2013-17:33:00,90.44592565403369
09/12/2013-17:34:00,89.93069715555923
09/12/2013-17:35:00,89.42039030247058
09/12/2013-17:36:00,89.11589176139255
09/12/2013-17:37:00,88.6363316934573
09/12/2013-17:38:00,88.29489345083151
09/12/2013-17:39:00,88.07748582268854
09/12/2013-17:40:00,72.52284797982682
09/12/2013-17:41:00,21.44798475124158
09/12/2013-17:42:00,21.43749790532228
09/12/2013-17:43:00,21.33526585964668
09/12/2013-17:44:00,21.40550379588165
09/12/2013-17:45:00,21.402737464421488
09/12/2013-17:46:00,21.48156772347233
09/12/2013-17:47:00,21.406527820447035
09/12/2013-17:48:00,21.549307499192444
09/12/2013-17:49:00,20.429979329791145
09/12/2013-17:50:00,18.706402512515453
09/12/2013-17:51:00,18.820924553375512
09/12/2013-17:52:00,18.90600038067074
09/12/2013-17:53:00,18.7473569827644
09/12/2013-17:54:00,18.7958463899042
09/12/2013-17:55:00,18.817188342841664
09/12/2013-17:56:00,18.570835259424022
09/12/2013-17:57:00,18.56422057901154
09/12/2013-17:58:00,18.67441543037322
09/12/2013-17:59:00,20.28716362869816
09/12/2013-18:00:00,34.70836792854975
09/12/2013-18:01:00,60.522338859340095
09/12/2013-18:02:00,81.98209279796912
09/12/2013-18:03:00,93.94919440584032
09/12/2013-18:04:00,95.81104605011062
09/12/2013-18:05:00,97.13083230168904
09/12/2013-18:06:00,98.176233199897
09/12/2013-18:07:00,96.12937381554585
09/12/2013-18:08:00,93.92609056520185
09/12/2013-18:09:00,92.2882785860332
09/12/2013-18:10:00,91.29269282053676
09/12/2013-18:11:00,90.69201699306464
09/12/2013-18:12:00,90.11406925375866
09/12/2013-18:13:00,89.60542671499515
09/12/2013-18:14:00,89.37321147705869
09/12/2013-18:15:00,88.75244520821525
09/12/2013-18:16:00,88.47219010928896
09/12/2013-18:17:00,88.0386871866858
09/12/2013-18:18:00,87.86250786873094
09/12/2013-18:19:00,40.79730297622129
09/12/2013-18:20:00,21.51400885586836
09/12/2013-18:21:00,21.43611409575888
09/12/2013-18:22:00,21.555407735081754
09/12/2013-18:23:00,21.33495835987148
09/12/2013-18:24:00,21.40383842624268
09/12/2013-18:25:00,21.414057804090152
09/12/2013-18:26:00,21.43891442370956
09/12/2013-18:27:00,21.301719900290312
09/12/2013-18:28:00,21.444302431884392
09/12/2013-18:29:00,21.40767515113382
09/12/2013-18:30:00,21.372640839843434
09/12/2013-18:31:00,21.48339477631792
09/12/2013-18:32:00,21.35933479962032
09/12/2013-18:33:00,21.40697131863532
09/12/2013-18:34:00,21.51940125569984
09/12/2013-18:35:00,21.55202823227541
09/12/2013-18:36:00,21.51940125569984
09/12/2013-18:37:00,21.288979369765663
09/12/2013-18:38:00,23.11720654202377
09/12/2013-18:39:00,34.87932441354064
09/12/2013-18:40:00,61.33668539249901
09/12/2013-18:41:00,81.72368303348505
09/12/2013-18:42:00,92.1468710059952
09/12/2013-18:43:00,93.40024254508133
09/12/2013-18:44:00,94.57773046779629
09/12/2013-18:45:00,95.3554121419801
09/12/2013-18:46:00,93.6315143596868
09/12/2013-18:47:00,91.27754975818095
09/12/2013-18:48:00,89.63960267190612
09/12/2013-18:49:00,91.24956794279927
09/12/2013-18:50:00,90.69938079743342
09/12/2013-18:51:00,90.22275769323218
09/12/2013-18:52:00,89.58880903784903
09/12/2013-18:53:00,89.27802100747566
09/12/2013-18:54:00,88.8176063254287
09/12/2013-18:55:00,88.44376645460379
09/12/2013-18:56:00,88.04436628339998
09/12/2013-18:57:00,87.67319479687708
09/12/2013-18:58:00,36.14399302661596
09/12/2013-18:59:00,21.333131307025905
09/12/2013-19:00:00,21.41138181755408
09/12/2013-19:01:00,21.32963655952512
09/12/2013-19:02:00,21.476915117017555
09/12/2013-19:03:00,21.48612927464664
09/12/2013-19:04:00,21.403814212121183
09/12/2013-19:05:00,21.32345060865553
09/12/2013-19:06:00,21.517869794881
09/12/2013-19:07:00,21.32978039102434
09/12/2013-19:08:00,21.44044149287176
09/12/2013-19:09:00,21.483394776317912
09/12/2013-19:10:00,21.591437157877607
09/12/2013-19:11:00,21.51122721101673
09/12/2013-19:12:00,21.513696054372904
09/12/2013-19:13:00,21.4784608692788
09/12/2013-19:14:00,21.628064438628183
09/12/2013-19:15:00,21.59329571163432
09/12/2013-19:16:00,21.515590702489025
09/12/2013-19:17:00,23.2906709756992
09/12/2013-19:18:00,37.24317442249956
09/12/2013-19:19:00,64.43686424213945
09/12/2013-19:20:00,84.70495732162294
09/12/2013-19:21:00,94.61884065729666
09/12/2013-19:22:00,95.81240684452496
09/12/2013-19:23:00,97.0197137864705
09/12/2013-19:24:00,97.59177184335788
09/12/2013-19:25:00,95.17040832198852
09/12/2013-19:26:00,93.1614338837452
09/12/2013-19:27:00,91.66483822866049
09/12/2013-19:28:00,90.00514757456783
09/12/2013-19:29:00,87.56791834418613
09/12/2013-19:30:00,87.04464800390862
09/12/2013-19:31:00,86.61519549576296
09/12/2013-19:32:00,86.24038410597291
09/12/2013-19:33:00,85.86342828165832
09/12/2013-19:34:00,85.48972878158412
09/12/2013-19:35:00,85.2625439380127
09/12/2013-19:36:00,85.00813711903005
09/12/2013-19:37:00,28.829458372980607
09/12/2013-19:38:00,19.96250645488969
09/12/2013-19:39:00,21.592029214014072
09/12/2013-19:40:00,21.628064438628183
09/12/2013-19:41:00,21.62803569339599
09/12/2013-19:42:00,21.591437157877607
09/12/2013-19:43:00,21.554497075631577
09/12/2013-19:44:00,21.3088833098082
09/12/2013-19:45:00,21.26891843432807
09/12/2013-19:46:00,21.282539883915344
09/12/2013-19:47:00,21.356980896597705
09/12/2013-19:48:00,94.60531164014972
09/12/2013-19:49:00,21.29593475512539
09/12/2013-19:50:00,21.405206307777654
09/12/2013-19:51:00,21.387061096092044
09/12/2013-19:52:00,21.51909375592464
09/12/2013-19:53:00,21.481242514130425
09/12/2013-19:54:00,63.14544927537992
09/12/2013-19:55:00,198.455313823118
09/12/2013-19:56:00,224.63534591415728
09/12/2013-19:57:00,236.5259216446001
09/12/2013-19:58:00,257.7308761429214
09/12/2013-19:59:00,283.1658024155716
09/12/2013-20:00:00,295.9862077492321
09/12/2013-20:01:00,297.4125884099436
09/12/2013-20:02:00,297.75141296961465
09/12/2013-20:03:00,297.66141988003824
09/12/2013-20:04:00,295.6176433942914
09/12/2013-20:05:00,292.3342149786335
09/12/2013-20:06:00,289.11253415921703
09/12/2013-20:07:00,286.00085218115987
09/12/2013-20:08:00,285.74330724753787
09/12/2013-20:09:00,284.3742923108143
09/12/2013-20:10:00,283.1462331241994
09/12/2013-20:11:00,281.8457285846458
09/12/2013-20:12:00,280.4370887022735
09/12/2013-20:13:00,279.4620946100583
09/12/2013-20:14:00,278.38002602802976
09/12/2013-20:15:00,276.64097289189573
09/12/2013-20:16:00,249.67223352596943
09/12/2013-20:17:00,207.55685169590748
09/12/2013-20:18:00,207.47920039305663
09/12/2013-20:19:00,206.6104059797493
09/12/2013-20:20:00,206.2166616982951
09/12/2013-20:21:00,205.73401969420289
09/12/2013-20:22:00,205.2756169393244
09/12/2013-20:23:00,205.02833208038496
09/12/2013-20:24:00,204.807377627902
09/12/2013-20:25:00,204.3776444137177
09/12/2013-20:26:00,204.2333265741665
09/12/2013-20:27:00,203.98345763058512
09/12/2013-20:28:00,206.27280806510737
09/12/2013-20:29:00,206.32326534910223
09/12/2013-20:30:00,206.1118446371742
09/12/2013-20:31:00,205.8184458013896
09/12/2013-20:32:00,205.6631393093872
09/12/2013-20:33:00,205.19195610834373
09/12/2013-20:34:00,205.2663913311069
09/12/2013-20:35:00,204.8237666684556
09/12/2013-20:36:00,209.62346021473013
09/12/2013-20:37:00,229.2010509194541
09/12/2013-20:38:00,254.8372262142404
09/12/2013-20:39:00,272.09183185249515
09/12/2013-20:40:00,278.0058719066941
09/12/2013-20:41:00,279.18182955076753
09/12/2013-20:42:00,280.07312800076124
09/12/2013-20:43:00,279.9640656636484
09/12/2013-20:44:00,277.3916535705105
09/12/2013-20:45:00,275.50526962416114
09/12/2013-20:46:00,273.9807555164845
09/12/2013-20:47:00,272.47440486797353
09/12/2013-20:48:00,1168.160569268238
09/12/2013-20:49:00,283.1651074010091
09/12/2013-20:50:00,294.72289635425426
09/12/2013-20:51:00,308.50422378034995
09/12/2013-20:52:00,1128.46595301963
09/12/2013-20:53:00,966.1141982983736
09/12/2013-20:54:00,800.5898967618396
09/12/2013-20:55:00,268.45089173025355
09/12/2013-20:56:00,280.78450335250164
09/12/2013-20:57:00,288.2686335942652
09/12/2013-20:58:00,274.4547938517051
09/12/2013-20:59:00,257.4744975891785
09/12/2013-21:00:00,213.7222886398124
09/12/2013-21:01:00,213.2588103298033
09/12/2013-21:02:00,216.37520807368983
09/12/2013-21:03:00,226.80830014878669
09/12/2013-21:04:00,213.01101447309503
09/12/2013-21:05:00,209.5404514381117
09/12/2013-21:06:00,223.68510945218773
09/12/2013-21:07:00,209.4737996583276
09/12/2013-21:08:00,206.3881035439935
09/12/2013-21:09:00,205.88787681868345
09/12/2013-21:10:00,224.03275326997
09/12/2013-21:11:00,210.33332152277208
09/12/2013-21:12:00,217.58747310087784
09/12/2013-21:13:00,210.67127351294585
09/12/2013-21:14:00,209.9890553727365
09/12/2013-21:15:00,220.7277085393271
09/12/2013-21:16:00,208.9881635516965
09/12/2013-21:17:00,211.520979820257
09/12/2013-21:18:00,220.9490149729841
09/12/2013-21:19:00,214.98286248756563
09/12/2013-21:20:00,248.7724743178417
09/12/2013-21:21:00,280.32737219423365
09/12/2013-21:22:00,281.224320436493
09/12/2013-21:23:00,279.31379653239884
09/12/2013-21:24:00,290.9488431267337
09/12/2013-21:25:00,279.60495207787227
09/12/2013-21:26:00,277.5996088917806
09/12/2013-21:27:00,280.044723598622
09/12/2013-21:28:00,1149.8369979342506
09/12/2013-21:29:00,953.1473708995246
09/12/2013-21:30:00,759.6705890656328
09/12/2013-21:31:00,273.82836502037566
09/12/2013-21:32:00,283.2839628632412
09/12/2013-21:33:00,285.45615312712755
09/12/2013-21:34:00,292.6048022797335
09/12/2013-21:35:00,279.32666973841225
09/12/2013-21:36:00,283.6869913663188
09/12/2013-21:37:00,291.42090862858265
09/12/2013-21:38:00,279.49791976609527
09/12/2013-21:39:00,280.9333612333437
09/12/2013-21:40:00,222.35636062737763
09/12/2013-21:41:00,212.5847416395815
09/12/2013-21:42:00,209.7524037203208
09/12/2013-21:43:00,223.5110134222114
09/12/2013-21:44:00,212.8787644474695
09/12/2013-21:45:00,213.95790734515515
09/12/2013-21:46:00,223.80933199377475
09/12/2013-21:47:00,214.0326987469768
09/12/2013-21:48:00,213.73717322177345
09/12/2013-21:49:00,223.26738702303803
09/12/2013-21:50:00,210.3299631225381
09/12/2013-21:51:00,211.21202689853067
09/12/2013-21:52:00,213.73711992878344
09/12/2013-21:53:00,223.75864315961468
09/12/2013-21:54:00,213.2660547663364
09/12/2013-21:55:00,212.70922299494424
09/12/2013-21:56:00,222.50698261509632
09/12/2013-21:57:00,209.5095561175969
09/12/2013-21:58:00,210.42427701481887
09/12/2013-21:59:00,236.26553887851136
09/12/2013-22:00:00,124.4593631423378
09/12/2013-22:01:00,114.55558158888972
09/12/2013-22:02:00,133.56170599746557
09/12/2013-22:03:00,226.450785826138
09/12/2013-22:04:00,278.1195209115657
09/12/2013-22:05:00,288.33085067927533
09/12/2013-22:06:00,277.2500288616224
09/12/2013-22:07:00,278.28331942331124
09/12/2013-22:08:00,284.20465019602
09/12/2013-22:09:00,279.15701141353304
09/12/2013-22:10:00,278.4499922635514
09/12/2013-22:11:00,288.488733328718
09/12/2013-22:12:00,277.07082998473163
09/12/2013-22:13:00,277.79279114465254
09/12/2013-22:14:00,257.48782644141534
09/12/2013-22:15:00,209.6618557160729
09/12/2013-22:16:00,211.7586543470372
09/12/2013-22:17:00,209.83577827426967
09/12/2013-22:18:00,174.5496742129841
09/12/2013-22:19:00,198.0734164226621
09/12/2013-22:20:00,215.6243224879157
09/12/2013-22:21:00,213.9440032885409
09/12/2013-22:22:00,212.45245994868125
09/12/2013-22:23:00,221.3554702555121
09/12/2013-22:24:00,209.62441723203924
09/12/2013-22:25:00,211.23245756000736
09/12/2013-22:26:00,199.4009041976466
09/12/2013-22:27:00,216.23731073946988
09/12/2013-22:28:00,214.5188680342792
09/12/2013-22:29:00,208.7446455127437
09/12/2013-22:30:00,209.0612355581612
09/12/2013-22:31:00,208.4215907327045
09/12/2013-22:32:00,225.17479708923287
09/12/2013-22:33:00,247.2765501288692
09/12/2013-22:34:00,150.83951881951648
09/12/2013-22:35:00,158.32229937796836
09/12/2013-22:36:00,152.8087657438016
09/12/2013-22:37:00,117.51732702045116
09/12/2013-22:38:00,123.94319515664009
09/12/2013-22:39:00,113.93352341224274
09/12/2013-22:40:00,120.11112194027712
09/12/2013-22:41:00,100.43267560095929
09/12/2013-22:42:00,100.0128863079429
09/12/2013-22:43:00,99.70306679205194
09/12/2013-22:44:00,99.37386453639452
09/12/2013-22:45:00,98.9100754559678
09/12/2013-22:46:00,98.20517760016794
09/12/2013-22:47:00,95.61817704250676
09/12/2013-22:48:00,95.60137252301897
09/12/2013-22:49:00,95.14967175569544
09/12/2013-22:50:00,94.80311570633758
09/12/2013-22:51:00,91.7025707308514
09/12/2013-22:52:00,28.495943606576784
09/12/2013-22:53:00,18.31458980247209
09/12/2013-22:54:00,18.35886458505317
09/12/2013-22:55:00,18.281749292153883
09/12/2013-22:56:00,26.743413453268165
09/12/2013-22:57:00,30.93802319169561
09/12/2013-22:58:00,31.088706055206
09/12/2013-22:59:00,31.051904638956064
09/12/2013-23:00:00,30.978962878950377
09/12/2013-23:01:00,31.07515841573541
09/12/2013-23:02:00,30.935539034947976
09/12/2013-23:03:00,30.941535859709514
09/12/2013-23:04:00,31.00266677314615
09/12/2013-23:05:00,31.050081554702626
09/12/2013-23:06:00,31.082360959445733
09/12/2013-23:07:00,31.0151386922094
09/12/2013-23:08:00,31.16230888770588
09/12/2013-23:09:00,31.01496455671003
09/12/2013-23:10:00,31.015277358205488
09/12/2013-23:11:00,34.84795932781721
09/12/2013-23:12:00,53.16224073920495
09/12/2013-23:13:00,79.84372194912568
09/12/2013-23:14:00,98.75429935083667
09/12/2013-23:15:00,105.70452300141127
09/12/2013-23:16:00,107.21785497643462
09/12/2013-23:17:00,108.25499214934582
09/12/2013-23:18:00,109.0730489485238
09/12/2013-23:19:00,109.69259155713324
09/12/2013-23:20:00,106.69977080169306
09/12/2013-23:21:00,104.15212535017072
09/12/2013-23:22:00,102.39536811999974
09/12/2013-23:23:00,96.72893005819368
09/12/2013-23:24:00,90.88204574547808
09/12/2013-23:25:00,90.22076554798346
09/12/2013-23:26:00,89.66994420567552
09/12/2013-23:27:00,88.99689849192039
09/12/2013-23:28:00,88.63029618116772
09/12/2013-23:29:00,88.41700846492489
09/12/2013-23:30:00,87.93361551040746
09/12/2013-23:31:00,87.67118031625445
09/12/2013-23:32:00,27.05261980065521
09/12/2013-23:33:00,21.523504254843388
09/12/2013-23:34:00,21.477068773622328
09/12/2013-23:35:00,21.51400885586836
09/12/2013-23:36:00,19.674779123343725
09/12/2013-23:37:00,18.708573867767623
09/12/2013-23:38:00,18.76014761439309
09/12/2013-23:39:00,18.70469761536352
09/12/2013-23:40:00,18.750138835230533
09/12/2013-23:41:00,18.820924553375512
09/12/2013-23:42:00,18.66916473455092
09/12/2013-23:43:00,18.82339339673168
09/12/2013-23:44:00,18.78429727262494
09/12/2013-23:45:00,18.745110425897185
09/12/2013-23:46:00,18.745110425897185
09/12/2013-23:47:00,18.745110425897185
09/12/2013-23:48:00,18.745110425897185
09/12/2013-23:49:00,18.745110425897185
09/12/2013-23:50:00,18.745110425897185
09/12/2013-23:51:00,18.745110425897185
09/12/2013-23:52:00,18.745110425897185
09/12/2013-23:53:00,18.745110425897185
09/12/2013-23:54:00,18.745110425897185
09/12/2013-23:55:00,18.745110425897185
09/12/2013-23:56:00,18.745110425897185
09/12/2013-23:57:00,18.745110425897185
09/12/2013-23:58:00,18.745110425897185
09/12/2013-23:59:00,18.745110425897185
