datetime,Hydro pumped storage consumption,Battery Consumption,Cross border electricity trading,Hydro Run-of-River,Biomass,Fossil hard coal,Fossil oil,Fossil coal-derived gas,Fossil gas,Geothermal,Hydro water reservoir,Hydro pumped storage,Battery,Others,Waste,Wind offshore,Wind onshore,Solar,Load,Residual load,Renewable share of load,Renewable share of generation
2026-05-19 00:00:00,,0.0,5612.6,2749.0,379.0,,8.0,377.0,12072.0,574.0,257.0,,3.0,1733.0,,0.0,2314.0,0.0,26002.0,23688.0,24.1,30.7
2026-05-19 00:15:00,,0.0,6004.8,2695.0,380.0,,8.0,380.0,10566.0,574.0,270.0,,0.0,1732.0,,0.0,2387.0,0.0,25629.0,23242.0,24.6,33.2
2026-05-19 00:30:00,,,5794.5,2684.0,379.0,,8.0,381.0,10038.0,574.0,300.0,,,1734.0,,0.0,2529.0,0.0,25003.0,22474.0,25.9,34.7
2026-05-19 00:45:00,,,5626.6,2708.0,383.0,,8.0,380.0,9976.0,574.0,290.0,,,1734.0,,0.0,2625.0,0.0,24822.0,22197.0,26.5,35.2
2026-05-19 01:00:00,,,5586.0,2674.0,382.0,,8.0,377.0,10017.0,574.0,248.0,,,1733.0,,0.0,2699.0,0.0,24655.0,21956.0,26.7,35.1
2026-05-19 01:15:00,,,5551.0,2645.0,380.0,,8.0,383.0,9922.0,574.0,230.0,,,1729.0,,0.0,2796.0,0.0,24356.0,21560.0,27.2,35.5
2026-05-19 01:30:00,,,5554.0,2608.0,383.0,,8.0,380.0,9623.0,574.0,229.0,,,1722.0,,0.0,2934.0,0.0,24113.0,21179.0,27.9,36.4
2026-05-19 01:45:00,,,5557.0,2603.0,385.0,,8.0,381.0,9373.0,574.0,214.0,,,1729.0,,0.0,3044.0,0.0,23788.0,20744.0,28.7,37.2
2026-05-19 02:00:00,,,5209.3,2579.0,383.0,,8.0,378.0,9481.0,574.0,190.0,,,1734.0,,0.0,3084.0,0.0,23911.0,20827.0,28.5,37.0
2026-05-19 02:15:00,,,5206.0,2573.0,382.0,,8.0,383.0,9306.0,574.0,190.0,,,1733.0,,0.0,3085.0,0.0,23687.0,20602.0,28.7,37.3
2026-05-19 02:30:00,,,5337.0,2575.0,379.0,,8.0,382.0,9233.0,574.0,190.0,,,1732.0,,0.0,3010.0,0.0,23521.0,20511.0,28.6,37.2
2026-05-19 02:45:00,,,5236.0,2571.0,376.0,,8.0,382.0,9260.0,573.0,188.0,,,1733.0,,0.0,2959.0,0.0,23551.0,20592.0,28.3,36.9
2026-05-19 03:00:00,,,5438.0,2603.0,363.0,,8.0,382.0,9229.0,574.0,170.0,,,1730.0,,0.0,2937.0,0.0,23522.0,20585.0,28.3,36.9
2026-05-19 03:15:00,,,5439.0,2572.0,364.0,,8.0,382.0,9016.0,573.0,170.0,,,1728.0,,0.0,2913.0,0.0,23302.0,20389.0,28.3,37.2
2026-05-19 03:30:00,,,5444.0,2561.0,362.0,,8.0,381.0,9107.0,573.0,170.0,,,1725.0,,0.0,2882.0,0.0,23359.0,20477.0,28.0,36.9
2026-05-19 03:45:00,0.0,,5438.0,2556.0,365.0,,8.0,382.0,9218.0,574.0,170.0,1.0,,1726.0,,0.0,2785.0,0.0,23319.0,20534.0,27.7,36.3
2026-05-19 04:00:00,0.0,,5615.0,2553.0,353.0,,8.0,379.0,9280.0,574.0,169.0,75.0,,1729.0,,1.0,2641.0,0.0,23291.0,20649.0,27.0,35.6
2026-05-19 04:15:00,0.0,,5613.0,2558.0,353.0,,8.0,384.0,9481.0,574.0,170.0,78.0,,1725.0,,1.0,2548.0,0.0,23470.0,20921.0,26.4,34.9
2026-05-19 04:30:00,0.0,,5520.0,2547.0,350.0,,8.0,383.0,9308.0,573.0,170.0,79.0,,1724.0,,1.0,2452.0,0.0,23640.0,21187.0,25.8,34.8
2026-05-19 04:45:00,0.0,,5525.0,2555.0,347.0,,8.0,381.0,9741.0,574.0,170.0,79.0,,1723.0,,2.0,2366.0,0.0,23656.0,21288.0,25.4,33.7
2026-05-19 05:00:00,0.0,0.0,5517.0,2737.0,345.0,,8.0,382.0,9759.0,574.0,190.0,79.0,3.0,1727.0,,1.0,2307.0,0.0,24238.0,21930.0,25.4,34.1
2026-05-19 05:15:00,0.0,0.0,5508.0,2716.0,348.0,,8.0,382.0,9916.0,574.0,204.0,79.0,0.0,1729.0,,2.0,2239.0,0.0,24397.0,22156.0,24.9,33.6
2026-05-19 05:30:00,0.0,,5556.6,2756.0,347.0,,8.0,381.0,10175.0,573.0,221.0,79.0,,1732.0,,2.0,2128.0,2.0,24554.0,22422.0,24.6,32.9
2026-05-19 05:45:00,0.0,,5741.1,2791.0,350.0,,8.0,378.0,10256.0,574.0,244.0,83.0,,1735.0,,2.0,2083.0,25.0,25051.0,22941.0,24.2,32.9
2026-05-19 06:00:00,0.0,0.0,6228.0,3157.0,346.0,,8.0,381.0,10515.0,574.0,368.0,202.0,3.0,1742.0,,4.0,2024.0,171.0,26711.0,24512.0,24.9,34.4
2026-05-19 06:15:00,0.0,,6408.3,3312.0,349.0,,8.0,381.0,10638.0,574.0,425.0,207.0,,1741.0,,5.0,1937.0,464.0,27691.0,25285.0,25.5,35.6
2026-05-19 06:30:00,0.0,0.0,6703.9,3408.0,352.0,,8.0,379.0,10734.0,573.0,493.0,253.0,23.0,1741.0,,5.0,1849.0,898.0,28527.0,25775.0,26.6,37.1
2026-05-19 06:45:00,0.0,0.0,6876.4,3457.0,353.0,,8.0,381.0,10765.0,573.0,508.0,265.0,217.0,1736.0,,3.0,1774.0,1479.0,29365.0,26109.0,27.7,38.7
2026-05-19 07:00:00,,0.0,6231.2,3584.0,371.0,,8.0,380.0,10753.0,573.0,506.0,,703.0,1734.0,,2.0,1737.0,2274.0,31092.0,27079.0,29.1,41.3
2026-05-19 07:15:00,,0.0,6948.0,3622.0,369.0,,8.0,379.0,10539.0,572.0,505.0,,768.0,1733.0,,2.0,1646.0,3202.0,31730.0,26880.0,31.3,43.9
2026-05-19 07:30:00,,0.0,7066.0,3593.0,359.0,,8.0,381.0,10437.0,568.0,485.0,,351.0,1731.0,,2.0,1522.0,4294.0,32758.0,26940.0,33.0,46.3
2026-05-19 07:45:00,,0.0,7072.0,3543.0,359.0,,8.0,377.0,10417.0,560.0,453.0,,271.0,1730.0,,2.0,1401.0,5358.0,33324.0,26563.0,35.0,48.2
2026-05-19 08:00:00,,0.0,7229.0,3357.0,350.0,,8.0,378.0,10318.0,559.0,439.0,,156.0,1731.0,,1.0,1332.0,6621.0,34048.0,26094.0,37.2,50.4
2026-05-19 08:15:00,,0.0,7240.0,3205.0,354.0,,8.0,386.0,10033.0,553.0,364.0,,74.0,1732.0,,0.0,1300.0,7799.0,34410.0,25311.0,39.5,52.8
2026-05-19 08:30:00,,,7147.0,3087.0,359.0,,8.0,392.0,9661.0,549.0,305.0,,,1729.0,,0.0,1289.0,8881.0,34645.0,24475.0,41.8,55.1
2026-05-19 08:45:00,,,7158.0,3043.0,360.0,,8.0,401.0,8544.0,549.0,303.0,,,1725.0,,0.0,1334.0,9734.0,34375.0,23307.0,44.6,58.9
2026-05-19 09:00:00,,,7058.0,2885.0,363.0,,30.0,425.0,8130.0,550.0,234.0,,,1724.0,,0.0,1406.0,10638.0,34263.0,22219.0,46.9,60.9
2026-05-19 09:15:00,,,7066.0,2584.0,362.0,,32.0,450.0,7216.0,549.0,214.0,,,1725.0,,0.0,1491.0,11518.0,34021.0,21012.0,49.1,64.0
2026-05-19 09:30:00,,,7027.0,2514.0,363.0,,31.0,462.0,6274.0,549.0,203.0,,,1723.0,,0.0,1546.0,12316.0,33510.0,19648.0,52.2,67.3
2026-05-19 09:45:00,,,7006.0,2507.0,363.0,,8.0,477.0,5731.0,549.0,194.0,,,1715.0,,0.0,1598.0,13115.0,33459.0,18746.0,54.8,69.8
2026-05-19 10:00:00,,,7097.0,2397.0,364.0,,8.0,477.0,4954.0,549.0,150.0,,,1704.0,,0.0,1619.0,13812.0,32895.0,17464.0,57.4,72.6
2026-05-19 10:15:00,,,7028.0,2416.0,361.0,,8.0,500.0,3621.0,549.0,363.0,,,1699.0,,0.0,1614.0,14528.0,32889.0,16747.0,60.3,77.3
2026-05-19 10:30:00,,-86.0,7037.0,2366.0,361.0,,8.0,497.0,3139.0,550.0,110.0,,0.0,1695.0,,0.0,1645.0,15108.0,32426.0,15673.0,62.1,79.0
2026-05-19 10:45:00,,-117.0,7035.0,2342.0,362.0,,8.0,498.0,2928.0,547.0,107.0,,0.0,1688.0,,0.0,1658.0,15568.0,31931.0,14705.0,64.5,80.1
2026-05-19 11:00:00,,-75.0,6844.2,2283.0,362.0,,25.0,498.0,2996.0,548.0,72.0,,0.0,1685.0,,0.0,1712.0,15863.0,31832.0,14257.0,65.5,80.0
2026-05-19 11:15:00,,,6778.6,2254.0,362.0,,31.0,501.0,2820.0,549.0,67.0,,,1681.0,,0.0,1748.0,16262.0,31666.0,13656.0,67.1,80.8
2026-05-19 11:30:00,,,6293.5,2260.0,363.0,,31.0,500.0,2592.0,550.0,66.0,,,1675.0,,0.0,1797.0,16814.0,31440.0,12829.0,69.5,82.0
2026-05-19 11:45:00,,-447.0,6077.9,2266.0,364.0,,31.0,500.0,2678.0,549.0,64.0,,0.0,1672.0,,0.0,1866.0,17145.0,31315.0,12304.0,71.1,82.0
2026-05-19 12:00:00,,-863.0,5638.1,2214.0,373.0,,31.0,498.0,2561.0,549.0,64.0,,0.0,1673.0,,0.0,1921.0,17281.0,30587.0,11385.0,73.2,82.5
2026-05-19 12:15:00,,-1384.0,5644.1,2194.0,371.0,,31.0,489.0,2597.0,549.0,64.0,,0.0,1678.0,,0.0,2026.0,17194.0,29881.0,10661.0,75.0,82.4
2026-05-19 12:30:00,,-1574.0,5496.0,2194.0,371.0,,31.0,481.0,2702.0,548.0,65.0,,0.0,1674.0,,2.0,2149.0,17105.0,29663.0,10407.0,75.6,82.1
2026-05-19 12:45:00,,-1585.0,5377.6,2191.0,371.0,,31.0,482.0,3032.0,548.0,66.0,,0.0,1661.0,,6.0,1670.0,16880.0,29282.0,10726.0,74.2,80.7
2026-05-19 13:00:00,,-1451.0,5347.9,2092.0,371.0,,29.0,481.0,3139.0,548.0,128.0,,0.0,1660.0,,5.0,1627.0,16798.0,29373.0,10943.0,73.4,80.2
2026-05-19 13:15:00,,-1463.0,5354.6,2105.0,373.0,,28.0,453.0,3148.0,548.0,244.0,,0.0,1659.0,,4.0,1700.0,16789.0,29622.0,11129.0,73.5,80.5
2026-05-19 13:30:00,,-1372.0,5323.4,2089.0,372.0,,28.0,408.0,3053.0,548.0,184.0,,0.0,1657.0,,12.0,1806.0,17236.0,30079.0,11025.0,74.0,81.2
2026-05-19 13:45:00,,-1399.0,5627.1,2073.0,371.0,,28.0,381.0,3011.0,548.0,70.0,,0.0,1657.0,,7.0,2088.0,17020.0,30151.0,11036.0,73.6,81.4
2026-05-19 14:00:00,,-1401.0,6174.9,2160.0,370.0,,31.0,378.0,3095.0,548.0,71.0,,0.0,1660.0,,12.0,2193.0,16546.0,30351.0,11600.0,72.2,80.9
2026-05-19 14:15:00,,-1384.0,6150.7,2157.0,370.0,205.0,31.0,375.0,3222.0,548.0,67.0,,0.0,1659.0,,9.0,2332.0,15871.0,30621.0,12409.0,69.7,79.5
2026-05-19 14:30:00,,,6295.0,2145.0,371.0,204.0,31.0,378.0,3160.0,548.0,68.0,,,1655.0,,3.0,2832.0,15502.0,30765.0,12428.0,69.8,79.8
2026-05-19 14:45:00,,-1170.0,6134.5,2145.0,373.0,201.0,31.0,378.0,3203.0,548.0,106.0,,0.0,1656.0,,6.0,2959.0,15596.0,31131.0,12570.0,69.8,79.9
2026-05-19 15:00:00,,,6365.2,2196.0,364.0,203.0,31.0,376.0,3013.0,549.0,63.0,,,1660.0,,10.0,3095.0,15445.0,31399.0,12849.0,69.2,80.4
2026-05-19 15:15:00,,,5777.2,2238.0,361.0,204.0,31.0,376.0,3279.0,548.0,204.0,,,1666.0,,12.0,3221.0,14767.0,31577.0,13577.0,67.6,79.4
2026-05-19 15:30:00,,,5693.7,2212.0,360.0,204.0,31.0,378.0,3528.0,548.0,113.0,,,1675.0,,14.0,3320.0,14479.0,31742.0,13929.0,66.3,78.3
2026-05-19 15:45:00,,,5861.2,2222.0,356.0,204.0,31.0,379.0,3792.0,548.0,118.0,,,1668.0,,20.0,3408.0,13798.0,31783.0,14557.0,64.4,77.1
2026-05-19 16:00:00,,,6180.7,2278.0,366.0,203.0,31.0,381.0,4107.0,548.0,110.0,,,1678.0,,15.0,3426.0,13141.0,31702.0,15120.0,62.7,75.7
2026-05-19 16:15:00,,,6681.5,2300.0,377.0,203.0,31.0,380.0,4225.0,548.0,108.0,,,1678.0,,15.0,3501.0,12649.0,31887.0,15722.0,61.1,74.9
2026-05-19 16:30:00,,,6655.8,2302.0,379.0,203.0,31.0,380.0,4458.0,548.0,117.0,,,1680.0,,16.0,3701.0,12057.0,32047.0,16273.0,59.7,73.9
2026-05-19 16:45:00,,,6372.6,2306.0,378.0,204.0,31.0,380.0,5068.0,548.0,121.0,,,1681.0,,18.0,3779.0,11075.0,31732.0,16860.0,57.4,71.2
2026-05-19 17:00:00,,,6201.2,2440.0,379.0,,67.0,383.0,5820.0,550.0,225.0,,,1689.0,,18.0,3863.0,10304.0,31788.0,17603.0,55.9,69.1
2026-05-19 17:15:00,,,5837.9,2448.0,366.0,,52.0,382.0,6334.0,550.0,230.0,,,1695.0,,18.0,3885.0,9481.0,31844.0,18460.0,53.3,66.7
2026-05-19 17:30:00,,,5100.6,2481.0,364.0,,48.0,381.0,7790.0,550.0,219.0,,,1708.0,,20.0,3897.0,8725.0,31762.0,19120.0,51.2,62.1
2026-05-19 17:45:00,,,5040.4,2516.0,360.0,,48.0,380.0,9521.0,550.0,238.0,,,1712.0,,20.0,3943.0,7545.0,31856.0,20348.0,47.6,56.5
2026-05-19 18:00:00,,,4979.0,2829.0,376.0,,47.0,380.0,10084.0,551.0,321.0,,,1710.0,,17.0,3838.0,6206.0,31968.0,21907.0,44.2,53.6
2026-05-19 18:15:00,,0.0,4963.0,2863.0,389.0,,48.0,382.0,10673.0,561.0,335.0,,5.0,1715.0,,13.0,3768.0,5335.0,32323.0,23207.0,41.0,50.9
2026-05-19 18:30:00,0.0,0.0,5388.4,2988.0,397.0,,48.0,383.0,11348.0,560.0,376.0,151.0,79.0,1719.0,,18.0,3739.0,4209.0,32706.0,24740.0,37.6,47.7
2026-05-19 18:45:00,0.0,0.0,5377.2,3126.0,384.0,,48.0,383.0,11936.0,560.0,494.0,311.0,690.0,1728.0,,18.0,3666.0,3160.0,33202.0,26358.0,34.4,44.7
2026-05-19 19:00:00,0.0,0.0,5197.0,3417.0,385.0,,48.0,382.0,12697.0,560.0,579.0,340.0,692.0,1738.0,,19.0,3535.0,2355.0,33858.0,27949.0,32.0,42.2
2026-05-19 19:15:00,0.0,0.0,5130.0,3464.0,388.0,,48.0,383.0,13094.0,560.0,595.0,731.0,1474.0,1744.0,,20.0,3430.0,1604.0,34298.0,29244.0,29.3,39.7
2026-05-19 19:30:00,0.0,0.0,5046.0,3505.0,392.0,,48.0,381.0,13725.0,560.0,646.0,734.0,1572.0,1748.0,,17.0,3382.0,967.0,34642.0,30276.0,27.3,37.3
2026-05-19 19:45:00,0.0,0.0,4908.0,3558.0,391.0,,48.0,382.0,14016.0,560.0,770.0,763.0,1635.0,1748.0,,19.0,3296.0,549.0,34806.0,30942.0,26.3,36.1
2026-05-19 20:00:00,0.0,0.0,5061.0,3705.0,395.0,,48.0,380.0,13998.0,560.0,798.0,1024.0,1627.0,1747.0,,22.0,3219.0,282.0,34757.0,31234.0,25.8,35.7
2026-05-19 20:15:00,0.0,0.0,5062.0,3736.0,395.0,,48.0,380.0,13675.0,560.0,832.0,1027.0,1633.0,1751.0,,24.0,3253.0,95.0,34982.0,31610.0,25.4,35.9
2026-05-19 20:30:00,0.0,0.0,5031.4,3751.0,397.0,,48.0,381.0,14008.0,560.0,833.0,1026.0,1654.0,1746.0,,22.0,3216.0,22.0,35201.0,31941.0,25.0,35.2
2026-05-19 20:45:00,0.0,0.0,4762.6,3736.0,396.0,,48.0,382.0,14279.0,560.0,831.0,1025.0,1658.0,1756.0,,20.0,3220.0,13.0,35082.0,31829.0,25.0,34.8
2026-05-19 21:00:00,0.0,0.0,5067.5,3721.0,398.0,,48.0,384.0,14438.0,560.0,837.0,1023.0,1614.0,1759.0,,23.0,3209.0,13.0,35006.0,31761.0,25.0,34.5
2026-05-19 21:15:00,0.0,0.0,4906.0,3751.0,395.0,,48.0,382.0,14139.0,560.0,776.0,950.0,1576.0,1764.0,,20.0,3150.0,13.0,34729.0,31546.0,25.0,34.7
2026-05-19 21:30:00,0.0,0.0,4927.7,3686.0,393.0,,48.0,381.0,13810.0,560.0,598.0,702.0,1381.0,1766.0,,18.0,3127.0,0.0,33804.0,30659.0,24.8,34.4
2026-05-19 21:45:00,0.0,0.0,5525.6,3549.0,393.0,,48.0,381.0,13234.0,560.0,543.0,918.0,735.0,1766.0,,16.0,3101.0,0.0,32724.0,29607.0,24.9,34.6
2026-05-19 22:00:00,0.0,0.0,4975.9,3304.0,395.0,,48.0,380.0,13445.0,560.0,508.0,902.0,782.0,1754.0,,19.0,3079.0,0.0,31959.0,28861.0,24.6,33.5
2026-05-19 22:15:00,,0.0,6476.1,3320.0,394.0,,48.0,383.0,12702.0,560.0,442.0,,99.0,1756.0,,15.0,3093.0,0.0,31278.0,28170.0,25.0,34.4
2026-05-19 22:30:00,,,6346.1,3180.0,392.0,,48.0,383.0,12418.0,560.0,324.0,,,1753.0,,15.0,3044.0,0.0,30646.0,27587.0,24.5,34.0
2026-05-19 22:45:00,,,6135.0,3130.0,393.0,,48.0,382.0,11788.0,560.0,308.0,,,1746.0,,11.0,3084.0,0.0,30017.0,26922.0,24.9,34.9
2026-05-19 23:00:00,,0.0,5525.4,3050.0,394.0,,48.0,381.0,11727.0,560.0,288.0,,13.0,1747.0,,6.0,3187.0,0.0,29344.0,26151.0,25.5,35.0
2026-05-19 23:15:00,,,5479.5,2886.0,390.0,,48.0,382.0,11527.0,560.0,211.0,,,1742.0,,4.0,3209.0,0.0,28695.0,25482.0,25.3,34.6
2026-05-19 23:30:00,,,5247.8,2831.0,393.0,,48.0,381.0,10860.0,561.0,208.0,,,1741.0,,4.0,3206.0,0.0,27717.0,24507.0,26.0,35.6
2026-05-19 23:45:00,,,5360.5,2816.0,392.0,,47.0,383.0,10594.0,560.0,199.0,,,1742.0,,5.0,3199.0,0.0,27237.0,24033.0,26.3,36.0
2026-05-20 00:00:00,,0.0,6278.1,2654.0,370.0,,49.0,380.0,9989.0,560.0,207.0,,289.0,1725.0,,5.0,3138.0,0.0,26652.0,23509.0,26.0,36.3
2026-05-20 00:15:00,,0.0,6673.2,2609.0,375.0,,48.0,379.0,9303.0,560.0,217.0,,237.0,1718.0,,6.0,3019.0,0.0,26191.0,23166.0,25.9,37.2
2026-05-20 00:30:00,,0.0,6679.0,2621.0,374.0,,48.0,380.0,9816.0,560.0,216.0,,20.0,1716.0,,5.0,2985.0,0.0,25830.0,22840.0,26.2,36.1
2026-05-20 00:45:00,,,6956.5,2592.0,370.0,,48.0,378.0,9675.0,560.0,211.0,,,1714.0,,4.0,2913.0,0.0,25569.0,22652.0,26.0,36.0
2026-05-20 01:00:00,,0.0,6723.1,2496.0,369.0,,49.0,378.0,9228.0,560.0,152.0,,6.0,1715.0,,3.0,2903.0,0.0,25138.0,22232.0,25.8,36.3
2026-05-20 01:15:00,,,6731.3,2463.0,372.0,,48.0,379.0,9211.0,560.0,148.0,,,1710.0,,3.0,2914.0,0.0,24838.0,21921.0,26.0,36.3
2026-05-20 01:30:00,,0.0,6819.4,2447.0,371.0,,48.0,381.0,8992.0,560.0,148.0,,0.0,1713.0,,4.0,2921.0,0.0,24576.0,21651.0,26.2,36.7
2026-05-20 01:45:00,,,6439.5,2425.0,369.0,,48.0,380.0,8697.0,560.0,147.0,,,1714.0,,5.0,2936.0,0.0,24389.0,21448.0,26.4,37.3
2026-05-20 02:00:00,,,6623.3,2414.0,372.0,,48.0,379.0,8905.0,560.0,130.0,,,1708.0,,5.0,2991.0,0.0,24125.0,21129.0,26.8,37.0
2026-05-20 02:15:00,,,6954.2,2397.0,378.0,,48.0,380.0,8703.0,560.0,131.0,,,1707.0,,5.0,3009.0,0.0,23946.0,20932.0,27.1,37.4
2026-05-20 02:30:00,,-137.0,6751.1,2374.0,378.0,,48.0,378.0,8322.0,560.0,131.0,,0.0,1704.0,,5.0,2979.0,0.0,24019.0,21035.0,26.8,38.1
2026-05-20 02:45:00,,-570.0,7027.2,2347.0,377.0,,48.0,380.0,8532.0,560.0,130.0,,0.0,1705.0,,7.0,2936.0,0.0,23882.0,20939.0,26.6,37.3
2026-05-20 03:00:00,,-946.0,7212.0,2348.0,380.0,,48.0,380.0,8914.0,560.0,130.0,,0.0,1702.0,,6.0,2856.0,0.0,23815.0,20953.0,26.4,36.3
2026-05-20 03:15:00,,,7117.0,2356.0,377.0,,48.0,379.0,8624.0,560.0,131.0,,,1704.0,,7.0,2809.0,0.0,23609.0,20793.0,26.4,36.7
2026-05-20 03:30:00,,-958.0,7029.4,2373.0,379.0,,48.0,379.0,8661.0,560.0,130.0,,0.0,1703.0,,8.0,2761.0,0.0,23568.0,20799.0,26.4,36.5
2026-05-20 03:45:00,0.0,-507.0,6949.9,2372.0,380.0,,48.0,380.0,8355.0,560.0,131.0,2.0,0.0,1700.0,,7.0,2733.0,0.0,23638.0,20898.0,26.2,37.1
2026-05-20 04:00:00,0.0,-457.0,7024.0,2381.0,378.0,,48.0,380.0,8298.0,560.0,131.0,78.0,0.0,1699.0,,12.0,2674.0,0.0,23633.0,20947.0,26.0,37.1
2026-05-20 04:15:00,0.0,-332.0,7029.1,2380.0,380.0,,48.0,380.0,8259.0,560.0,131.0,79.0,0.0,1700.0,,13.0,2657.0,0.0,23657.0,20987.0,25.9,37.1
2026-05-20 04:30:00,0.0,,7143.5,2366.0,379.0,,48.0,378.0,8203.0,560.0,131.0,79.0,,1703.0,,9.0,2654.0,0.0,23921.0,21258.0,25.5,37.1
2026-05-20 04:45:00,0.0,,6869.0,2369.0,380.0,,48.0,381.0,8260.0,560.0,131.0,78.0,,1706.0,,13.0,2682.0,0.0,23962.0,21267.0,25.6,37.1
2026-05-20 05:00:00,0.0,,7229.0,2480.0,373.0,,48.0,379.0,8616.0,560.0,176.0,79.0,,1708.0,,14.0,2676.0,0.0,24553.0,21863.0,25.6,36.9
2026-05-20 05:15:00,,,7220.0,2476.0,372.0,,48.0,379.0,8705.0,560.0,171.0,,,1709.0,,22.0,2631.0,0.0,24708.0,22055.0,25.2,36.5
2026-05-20 05:30:00,0.0,0.0,7212.0,2490.0,376.0,,48.0,379.0,8729.0,560.0,198.0,81.0,0.0,1710.0,,24.0,2657.0,5.0,24804.0,22118.0,25.4,36.7
2026-05-20 05:45:00,0.0,0.0,6567.1,2540.0,376.0,,48.0,378.0,8889.0,560.0,220.0,476.0,0.0,1713.0,,25.0,2669.0,51.0,25288.0,22543.0,25.5,36.9
2026-05-20 06:00:00,0.0,0.0,6939.7,2991.0,376.0,,48.0,379.0,8686.0,560.0,271.0,596.0,5.0,1715.0,,24.0,2619.0,234.0,26799.0,23922.0,26.4,39.5
2026-05-20 06:15:00,0.0,,7146.0,3015.0,377.0,,48.0,378.0,9225.0,561.0,291.0,593.0,,1716.0,,25.0,2542.0,580.0,27540.0,24393.0,26.8,39.4
2026-05-20 06:30:00,0.0,0.0,6973.6,3056.0,377.0,,48.0,378.0,9210.0,560.0,340.0,605.0,323.0,1721.0,,23.0,2501.0,1056.0,28542.0,24962.0,27.7,41.1
2026-05-20 06:45:00,0.0,0.0,7074.7,3061.0,377.0,,48.0,381.0,8955.0,560.0,388.0,672.0,874.0,1718.0,,15.0,2438.0,1727.0,29297.0,25117.0,29.2,43.6
2026-05-20 07:00:00,0.0,0.0,7267.0,3218.0,399.0,,49.0,379.0,9632.0,560.0,411.0,607.0,643.0,1719.0,,10.0,2397.0,2623.0,30612.0,25582.0,31.4,45.0
2026-05-20 07:15:00,0.0,0.0,7050.1,3247.0,398.0,,49.0,381.0,9236.0,560.0,414.0,597.0,730.0,1722.0,,7.0,2333.0,3674.0,31481.0,25467.0,33.8,48.3
2026-05-20 07:30:00,0.0,0.0,7007.8,3259.0,396.0,,48.0,379.0,8769.0,560.0,384.0,255.0,852.0,1726.0,,6.0,2211.0,4872.0,32439.0,25350.0,36.0,51.7
2026-05-20 07:45:00,0.0,,7318.0,3368.0,392.0,,48.0,376.0,8609.0,558.0,380.0,201.0,,1727.0,,5.0,2203.0,6071.0,32632.0,24353.0,39.8,54.7
2026-05-20 08:00:00,0.0,0.0,7207.9,2964.0,385.0,,49.0,379.0,8534.0,559.0,315.0,207.0,354.0,1722.0,,5.0,2243.0,7299.0,33338.0,23791.0,41.3,56.3
2026-05-20 08:15:00,0.0,0.0,7185.0,2875.0,384.0,,48.0,377.0,8431.0,559.0,230.0,204.0,200.0,1716.0,,8.0,2404.0,8657.0,34002.0,22933.0,44.5,58.8
2026-05-20 08:30:00,0.0,,7241.1,2812.0,386.0,,48.0,380.0,7539.0,559.0,221.0,204.0,,1715.0,,19.0,2522.0,9844.0,34107.0,21722.0,48.0,62.8
2026-05-20 08:45:00,0.0,,7138.7,2758.0,387.0,,48.0,380.0,6591.0,558.0,222.0,203.0,,1713.0,,25.0,2539.0,10865.0,34197.0,20768.0,50.7,66.5
2026-05-20 09:00:00,0.0,,6022.0,2549.0,383.0,,64.0,378.0,6484.0,558.0,174.0,204.0,,1708.0,,25.0,2543.0,12023.0,34051.0,19460.0,53.6,67.9
2026-05-20 09:15:00,0.0,,5976.0,2504.0,383.0,,71.0,380.0,5644.0,558.0,162.0,203.0,,1694.0,,26.0,2508.0,13049.0,33831.0,18248.0,56.7,71.1
2026-05-20 09:30:00,0.0,,5973.0,2431.0,380.0,,71.0,379.0,5280.0,558.0,117.0,203.0,,1696.0,,25.0,2500.0,13827.0,33548.0,17196.0,59.1,72.8
2026-05-20 09:45:00,0.0,,5975.0,2381.0,381.0,,71.0,380.0,4608.0,558.0,118.0,203.0,,1688.0,,25.0,2508.0,14826.0,33423.0,16064.0,62.2,75.5
2026-05-20 10:00:00,,,5730.2,2272.0,382.0,,72.0,379.0,3787.0,557.0,68.0,,,1679.0,,24.0,2506.0,15547.0,33006.0,14929.0,64.7,78.3
2026-05-20 10:15:00,,,5710.9,2235.0,382.0,,71.0,379.0,2702.0,557.0,64.0,,,1675.0,,21.0,2510.0,16112.0,32292.0,13649.0,67.8,81.9
2026-05-20 10:30:00,,,5713.3,2219.0,383.0,,71.0,376.0,2522.0,558.0,64.0,,,1669.0,,17.0,2592.0,16793.0,32522.0,13120.0,69.6,83.0
2026-05-20 10:45:00,,,5691.2,2199.0,387.0,,71.0,378.0,2424.0,557.0,60.0,,,1665.0,,3.0,2538.0,17249.0,32244.0,12454.0,71.3,83.5
2026-05-20 11:00:00,,,5021.4,2133.0,387.0,,71.0,379.0,2463.0,557.0,45.0,,,1668.0,,0.0,2104.0,17560.0,31634.0,11970.0,72.0,83.3
2026-05-20 11:15:00,,,4962.9,2129.0,381.0,,71.0,380.0,2495.0,557.0,47.0,,,1672.0,,0.0,1727.0,18135.0,31686.0,11824.0,72.5,83.3
2026-05-20 11:30:00,,,4996.5,2114.0,380.0,,71.0,379.0,2469.0,557.0,55.0,,,1670.0,,0.0,1802.0,18360.0,31489.0,11327.0,73.9,83.5
2026-05-20 11:45:00,-1246.0,-421.0,4491.8,2110.0,382.0,,71.0,378.0,2456.0,556.0,47.0,0.0,0.0,1663.0,,0.0,1825.0,18827.0,31298.0,10646.0,75.9,83.9
2026-05-20 12:00:00,-1451.0,-1171.0,4184.6,2122.0,398.0,,71.0,379.0,2728.0,557.0,50.0,0.0,0.0,1655.0,,0.0,1841.0,18900.0,30134.0,9393.0,79.2,83.2
2026-05-20 12:15:00,-1897.0,-1413.0,4705.7,2091.0,398.0,,70.0,378.0,2592.0,556.0,49.0,0.0,0.0,1651.0,,0.0,1900.0,18958.0,29848.0,8990.0,80.2,83.6
2026-05-20 12:30:00,,-1386.0,4602.4,2072.0,397.0,,70.0,381.0,2215.0,556.0,49.0,,0.0,1648.0,,0.0,1963.0,18735.0,29388.0,8690.0,80.9,84.6
2026-05-20 12:45:00,,-1436.0,4676.7,2069.0,396.0,,71.0,382.0,2400.0,556.0,50.0,,0.0,1654.0,,0.0,2029.0,18368.0,28980.0,8583.0,81.0,83.9
2026-05-20 13:00:00,,-1482.0,4768.5,2015.0,395.0,,66.0,381.0,2581.0,556.0,49.0,,0.0,1660.0,,0.0,2103.0,18379.0,29046.0,8564.0,80.9,83.4
2026-05-20 13:15:00,,-1508.0,4827.0,2024.0,397.0,,66.0,381.0,2708.0,556.0,49.0,,0.0,1658.0,,0.0,2188.0,18393.0,29310.0,8729.0,80.5,83.1
2026-05-20 13:30:00,,-1475.0,4991.1,2017.0,393.0,,66.0,379.0,2713.0,556.0,50.0,,0.0,1661.0,,0.0,2243.0,18034.0,29648.0,9371.0,78.6,82.9
2026-05-20 13:45:00,,-1446.0,5150.8,2010.0,392.0,,66.0,379.0,2758.0,555.0,49.0,,0.0,1668.0,,0.0,2286.0,17707.0,29369.0,9376.0,78.3,82.5
2026-05-20 14:00:00,,-1221.0,5148.1,2004.0,388.0,,66.0,381.0,2854.0,555.0,49.0,,0.0,1662.0,,0.0,2330.0,17596.0,29856.0,9930.0,76.8,82.2
2026-05-20 14:15:00,-2292.0,-612.0,4918.8,2026.0,386.0,190.0,66.0,381.0,2801.0,555.0,49.0,0.0,0.0,1655.0,,0.0,2387.0,17175.0,29985.0,10423.0,75.3,81.6
2026-05-20 14:30:00,-2037.0,,4787.7,2071.0,387.0,163.0,66.0,384.0,2647.0,555.0,50.0,0.0,,1656.0,,0.0,2476.0,17003.0,30114.0,10635.0,74.9,82.1
2026-05-20 14:45:00,-1388.0,-465.0,4959.0,2095.0,387.0,160.0,66.0,381.0,2801.0,555.0,51.0,0.0,0.0,1654.0,,0.0,2576.0,16658.0,30181.0,10947.0,74.0,81.5
2026-05-20 15:00:00,-1403.0,-960.0,5958.1,2084.0,380.0,160.0,71.0,383.0,3018.0,554.0,57.0,0.0,0.0,1658.0,,0.0,2641.0,15761.0,30168.0,11766.0,71.2,80.2
2026-05-20 15:15:00,-1562.0,-897.0,6171.4,2043.0,375.0,160.0,70.0,383.0,3190.0,554.0,50.0,0.0,0.0,1652.0,,0.0,2412.0,15139.0,30335.0,12784.0,67.8,79.0
2026-05-20 15:30:00,-1075.0,,6133.0,2037.0,365.0,159.0,70.0,382.0,3475.0,553.0,49.0,0.0,,1653.0,,0.0,2451.0,14386.0,30677.0,13840.0,64.7,77.6
2026-05-20 15:45:00,,,5926.9,2087.0,369.0,161.0,70.0,381.0,3184.0,553.0,53.0,,,1655.0,,0.0,2543.0,13673.0,30320.0,14104.0,63.6,78.0
2026-05-20 16:00:00,,,6252.0,2218.0,378.0,162.0,47.0,376.0,2873.0,554.0,60.0,,,1651.0,,0.0,2574.0,13893.0,30669.0,14202.0,64.2,79.4
2026-05-20 16:15:00,,,6231.1,2219.0,381.0,161.0,48.0,378.0,3054.0,554.0,60.0,,,1658.0,,0.0,2867.0,13608.0,31226.0,14751.0,63.1,78.8
2026-05-20 16:30:00,,,6586.0,2205.0,382.0,187.0,47.0,379.0,3296.0,554.0,62.0,,,1658.0,,2.0,3383.0,12769.0,31322.0,15168.0,61.8,77.7
2026-05-20 16:45:00,,,6572.0,2236.0,381.0,200.0,48.0,380.0,3523.0,555.0,67.0,,,1666.0,,9.0,4009.0,11761.0,31433.0,15654.0,60.5,76.6
2026-05-20 17:00:00,,,7027.0,2352.0,386.0,203.0,47.0,384.0,3990.0,556.0,148.0,,,1677.0,,18.0,4421.0,10995.0,31596.0,16162.0,59.7,75.0
2026-05-20 17:15:00,,,7032.0,2373.0,387.0,204.0,47.0,379.0,4384.0,556.0,159.0,,,1677.0,,28.0,4478.0,10081.0,31853.0,17266.0,56.7,73.0
2026-05-20 17:30:00,,,7083.0,2398.0,389.0,204.0,48.0,381.0,5539.0,556.0,169.0,,,1688.0,,28.0,4409.0,9019.0,31855.0,18399.0,53.3,68.3
2026-05-20 17:45:00,,,7068.0,2422.0,388.0,208.0,48.0,380.0,6517.0,556.0,171.0,,,1701.0,,29.0,4345.0,7869.0,31961.0,19718.0,49.4,64.1
2026-05-20 18:00:00,,,6107.2,2719.0,393.0,236.0,47.0,380.0,7975.0,556.0,221.0,,,1708.0,,28.0,4178.0,6838.0,32372.0,21328.0,46.1,59.1
2026-05-20 18:15:00,,,6307.2,2781.0,393.0,264.0,48.0,382.0,9276.0,557.0,245.0,,,1715.0,,28.0,4049.0,5604.0,32691.0,23010.0,41.8,53.9
2026-05-20 18:30:00,0.0,,6397.7,2966.0,394.0,267.0,47.0,383.0,9968.0,557.0,354.0,345.0,,1723.0,,28.0,3921.0,4400.0,32834.0,24485.0,38.4,50.5
2026-05-20 18:45:00,0.0,0.0,6388.4,3127.0,395.0,266.0,47.0,387.0,10674.0,557.0,447.0,955.0,383.0,1724.0,,26.0,3769.0,3317.0,33547.0,26435.0,34.7,47.0
2026-05-20 19:00:00,0.0,0.0,6327.0,3294.0,393.0,266.0,47.0,389.0,10876.0,557.0,513.0,1484.0,1067.0,1733.0,,24.0,3623.0,2370.0,34167.0,28150.0,31.5,44.7
2026-05-20 19:15:00,0.0,0.0,6324.0,3324.0,392.0,266.0,47.0,386.0,11845.0,557.0,525.0,911.0,1512.0,1740.0,,25.0,3448.0,1582.0,34579.0,29524.0,28.5,40.8
2026-05-20 19:30:00,0.0,0.0,6319.0,3475.0,391.0,267.0,47.0,386.0,12371.0,556.0,601.0,843.0,1568.0,1737.0,,24.0,3338.0,960.0,34766.0,30444.0,26.9,38.7
2026-05-20 19:45:00,0.0,0.0,5972.6,3574.0,395.0,268.0,47.0,385.0,12543.0,556.0,720.0,1561.0,1587.0,1740.0,,26.0,3266.0,524.0,35081.0,31265.0,25.8,37.7
2026-05-20 20:00:00,0.0,0.0,6187.0,3697.0,391.0,267.0,47.0,382.0,12666.0,564.0,777.0,1494.0,1616.0,1739.0,,26.0,3272.0,254.0,35073.0,31521.0,25.6,37.3
2026-05-20 20:15:00,0.0,0.0,6187.0,3751.0,395.0,268.0,47.0,387.0,12736.0,579.0,793.0,1598.0,1608.0,1740.0,,23.0,3368.0,88.0,34773.0,31294.0,25.9,37.2
2026-05-20 20:30:00,0.0,0.0,6190.0,3770.0,397.0,268.0,47.0,381.0,12647.0,579.0,784.0,1360.0,1596.0,1742.0,,27.0,3459.0,24.0,35049.0,31539.0,25.8,37.5
2026-05-20 20:45:00,0.0,0.0,6196.0,3781.0,395.0,267.0,47.0,381.0,12619.0,579.0,784.0,1354.0,1577.0,1744.0,,27.0,3532.0,13.0,35277.0,31705.0,25.8,37.7
2026-05-20 21:00:00,0.0,0.0,6136.9,3740.0,396.0,267.0,47.0,380.0,13007.0,579.0,757.0,1355.0,1588.0,1754.0,,25.0,3523.0,13.0,35021.0,31460.0,25.8,36.9
2026-05-20 21:15:00,0.0,0.0,6501.0,3702.0,395.0,268.0,47.0,381.0,12501.0,579.0,684.0,966.0,1464.0,1765.0,,24.0,3559.0,13.0,34681.0,31085.0,25.8,37.4
2026-05-20 21:30:00,0.0,0.0,6410.8,3557.0,397.0,267.0,47.0,384.0,12484.0,579.0,594.0,563.0,1233.0,1765.0,,22.0,3662.0,0.0,33885.0,30201.0,26.0,37.1
2026-05-20 21:45:00,0.0,0.0,6499.0,3522.0,398.0,268.0,47.0,385.0,12226.0,579.0,577.0,554.0,826.0,1763.0,,22.0,3752.0,0.0,32954.0,29180.0,26.9,37.6
2026-05-20 22:00:00,0.0,0.0,6047.3,3214.0,397.0,267.0,48.0,383.0,12763.0,579.0,382.0,222.0,642.0,1751.0,,20.0,3764.0,0.0,31931.0,28147.0,26.2,35.5
2026-05-20 22:15:00,,0.0,6107.3,3113.0,401.0,267.0,47.0,384.0,12835.0,579.0,342.0,,214.0,1749.0,,24.0,3788.0,0.0,31229.0,27417.0,26.4,35.1
2026-05-20 22:30:00,,,6166.6,3064.0,395.0,261.0,47.0,384.0,12743.0,579.0,311.0,,,1742.0,,29.0,3786.0,0.0,30740.0,26925.0,26.6,35.0
2026-05-20 22:45:00,,,6063.6,3050.0,396.0,223.0,47.0,383.0,12570.0,579.0,300.0,,,1732.0,,30.0,3733.0,0.0,30015.0,26252.0,26.9,35.1
2026-05-20 23:00:00,,,5785.2,2810.0,401.0,207.0,48.0,383.0,12636.0,579.0,247.0,,,1726.0,,29.0,3754.0,0.0,29402.0,25619.0,26.6,34.3
2026-05-20 23:15:00,0.0,,5741.7,2757.0,404.0,227.0,47.0,382.0,12215.0,579.0,176.0,315.0,,1724.0,,24.0,3785.0,0.0,28698.0,24889.0,26.9,34.6
2026-05-20 23:30:00,0.0,,5818.6,2745.0,403.0,233.0,47.0,382.0,11588.0,579.0,156.0,157.0,,1719.0,,22.0,3852.0,0.0,28059.0,24185.0,27.6,35.7
2026-05-20 23:45:00,,,6032.8,2704.0,405.0,208.0,47.0,384.0,11036.0,579.0,152.0,,,1720.0,,17.0,3957.0,0.0,27642.0,23668.0,28.3,36.8
2026-05-21 00:00:00,,,6821.5,2599.0,381.0,205.0,8.0,381.0,10083.0,577.0,148.0,,,1704.0,,12.0,4040.0,0.0,27050.0,22998.0,28.7,38.5
2026-05-21 00:15:00,,,6943.9,2574.0,383.0,,8.0,378.0,8763.0,577.0,160.0,,,1703.0,,11.0,4153.0,0.0,26403.0,22239.0,29.8,42.0
2026-05-21 00:30:00,,,7138.1,2568.0,382.0,,8.0,381.0,8142.0,577.0,172.0,,,1702.0,,11.0,4296.0,0.0,26092.0,21785.0,30.7,43.9
2026-05-21 00:45:00,,,7123.2,2555.0,382.0,,8.0,377.0,7827.0,578.0,183.0,,,1704.0,,11.0,4484.0,0.0,25982.0,21487.0,31.5,45.2
2026-05-21 01:00:00,,,7529.7,2403.0,377.0,,8.0,379.0,7830.0,578.0,181.0,,,1703.0,,16.0,4597.0,0.0,25590.0,20977.0,31.9,45.1
2026-05-21 01:15:00,,,7558.9,2383.0,378.0,,8.0,379.0,6956.0,578.0,170.0,,,1706.0,,23.0,4672.0,0.0,25035.0,20340.0,32.8,47.6
2026-05-21 01:30:00,,,7561.8,2382.0,382.0,,8.0,381.0,6550.0,578.0,158.0,,,1705.0,,26.0,4737.0,0.0,24990.0,20227.0,33.1,48.9
2026-05-21 01:45:00,,,7488.0,2386.0,380.0,,8.0,379.0,6666.0,579.0,144.0,,,1707.0,,28.0,4889.0,0.0,24754.0,19837.0,34.0,49.0
2026-05-21 02:00:00,,-141.0,7049.5,2382.0,379.0,,8.0,381.0,6543.0,578.0,118.0,,0.0,1711.0,,27.0,4985.0,0.0,24585.0,19573.0,34.4,49.5
2026-05-21 02:15:00,,,7262.0,2358.0,381.0,,8.0,379.0,6235.0,579.0,118.0,,,1708.0,,25.0,5088.0,0.0,24185.0,19072.0,35.3,50.6
2026-05-21 02:30:00,,,7272.0,2375.0,380.0,,8.0,378.0,6354.0,579.0,118.0,,,1719.0,,23.0,5143.0,0.0,24103.0,18937.0,35.8,50.5
2026-05-21 02:45:00,,,7201.0,2336.0,379.0,,8.0,380.0,6416.0,579.0,118.0,,,1718.0,,22.0,5252.0,0.0,24193.0,18919.0,35.9,50.5
2026-05-21 03:00:00,,,6164.0,2356.0,377.0,,8.0,380.0,6633.0,579.0,119.0,,,1710.0,,22.0,5253.0,0.0,24102.0,18827.0,36.1,49.9
2026-05-21 03:15:00,,,6165.0,2347.0,378.0,,8.0,381.0,6467.0,579.0,118.0,,,1711.0,,20.0,5242.0,0.0,24009.0,18747.0,36.2,50.3
2026-05-21 03:30:00,,0.0,5906.2,2326.0,379.0,,8.0,379.0,6400.0,579.0,118.0,,2.0,1711.0,,19.0,5142.0,0.0,24091.0,18930.0,35.5,50.2
2026-05-21 03:45:00,0.0,,6063.0,2327.0,381.0,,8.0,381.0,6516.0,579.0,118.0,379.0,,1706.0,,20.0,5022.0,0.0,23982.0,18940.0,35.2,49.5
2026-05-21 04:00:00,0.0,-378.0,6176.0,2336.0,382.0,,8.0,380.0,6638.0,579.0,118.0,278.0,0.0,1707.0,,18.0,4967.0,0.0,23618.0,18633.0,35.6,49.0
2026-05-21 04:15:00,0.0,,6034.0,2329.0,376.0,,8.0,381.0,6712.0,579.0,118.0,279.0,,1712.0,,15.0,4967.0,0.0,23815.0,18833.0,35.2,48.8
2026-05-21 04:30:00,,,6170.0,2338.0,375.0,,8.0,381.0,6728.0,579.0,118.0,,,1711.0,,17.0,5009.0,0.0,23948.0,18922.0,35.2,48.9
2026-05-21 04:45:00,0.0,-145.0,6021.5,2348.0,375.0,,9.0,379.0,6705.0,579.0,119.0,682.0,0.0,1711.0,,17.0,5010.0,0.0,24326.0,19299.0,34.7,49.0
2026-05-21 05:00:00,0.0,-714.0,6126.0,2479.0,374.0,,10.0,380.0,6976.0,579.0,172.0,1502.0,0.0,1712.0,,18.0,4900.0,0.0,24938.0,20020.0,34.2,48.4
2026-05-21 05:15:00,0.0,-185.0,5508.7,2507.0,372.0,,10.0,381.0,6973.0,579.0,172.0,1664.0,0.0,1708.0,,17.0,4901.0,0.0,25005.0,20087.0,34.2,48.5
2026-05-21 05:30:00,0.0,,5483.9,2525.0,373.0,,10.0,380.0,6984.0,579.0,172.0,1660.0,,1708.0,,16.0,4860.0,7.0,25186.0,20303.0,33.9,48.4
2026-05-21 05:45:00,0.0,0.0,5554.0,2554.0,372.0,,10.0,381.0,7019.0,579.0,175.0,1535.0,2.0,1710.0,,17.0,4835.0,56.0,25408.0,20500.0,33.8,48.5
2026-05-21 06:00:00,0.0,0.0,6087.0,2995.0,374.0,,8.0,378.0,7014.0,579.0,220.0,1597.0,23.0,1716.0,,21.0,4847.0,251.0,26967.0,21848.0,34.4,50.5
2026-05-21 06:15:00,0.0,0.0,6179.0,3005.0,376.0,,8.0,379.0,7389.0,579.0,247.0,1585.0,140.0,1719.0,,22.0,4830.0,616.0,27991.0,22523.0,34.6,50.5
2026-05-21 06:30:00,0.0,0.0,6172.0,3031.0,378.0,,8.0,378.0,7420.0,578.0,284.0,1704.0,191.0,1721.0,,25.0,4724.0,1126.0,28666.0,22791.0,35.4,51.6
2026-05-21 06:45:00,0.0,0.0,6165.0,3140.0,374.0,,8.0,377.0,7399.0,578.0,291.0,1537.0,532.0,1720.0,,25.0,4717.0,1839.0,29599.0,23018.0,37.0,53.6
2026-05-21 07:00:00,0.0,0.0,7049.2,3017.0,395.0,,8.0,378.0,7004.0,578.0,305.0,1016.0,700.0,1711.0,,26.0,4736.0,2809.0,30945.0,23374.0,38.3,56.6
2026-05-21 07:15:00,0.0,0.0,7272.0,3136.0,392.0,,8.0,378.0,6800.0,577.0,348.0,990.0,429.0,1702.0,,26.0,4696.0,3980.0,31816.0,23114.0,41.3,59.7
2026-05-21 07:30:00,0.0,0.0,7001.0,3118.0,394.0,,8.0,379.0,6574.0,575.0,474.0,1643.0,219.0,1700.0,,26.0,4562.0,5241.0,32763.0,22934.0,43.9,62.4
2026-05-21 07:45:00,0.0,0.0,6882.1,3028.0,393.0,,8.0,379.0,6516.0,569.0,381.0,1219.0,156.0,1704.0,,26.0,4492.0,6566.0,33091.0,22007.0,46.7,64.2
2026-05-21 08:00:00,0.0,0.0,6906.5,2947.0,382.0,,8.0,379.0,6474.0,569.0,248.0,612.0,101.0,1707.0,,26.0,4514.0,7891.0,33733.0,21302.0,49.1,65.9
2026-05-21 08:15:00,0.0,0.0,6718.9,2814.0,375.0,,8.0,382.0,5940.0,568.0,189.0,728.0,35.0,1708.0,,26.0,4651.0,9207.0,34126.0,20242.0,52.2,68.9
2026-05-21 08:30:00,,,6928.6,2778.0,380.0,,8.0,382.0,5131.0,568.0,174.0,,,1704.0,,25.0,4782.0,10409.0,34122.0,18906.0,56.0,72.6
2026-05-21 08:45:00,,,6924.8,2748.0,381.0,,17.0,381.0,4644.0,568.0,170.0,,,1706.0,,26.0,4838.0,11579.0,34161.0,17718.0,59.5,75.1
2026-05-21 09:00:00,,,5027.0,2897.0,379.0,,31.0,381.0,4276.0,568.0,176.0,,,1708.0,,26.0,4866.0,12598.0,33904.0,16414.0,63.4,77.1
2026-05-21 09:15:00,,,5036.0,2771.0,378.0,,31.0,380.0,3670.0,567.0,148.0,,,1704.0,,25.0,4899.0,13441.0,33777.0,15412.0,65.8,79.3
2026-05-21 09:30:00,,,5047.0,2626.0,376.0,,31.0,380.0,3761.0,567.0,131.0,,,1696.0,,25.0,4970.0,13138.0,32883.0,14750.0,66.4,78.8
2026-05-21 09:45:00,,,5056.0,2543.0,385.0,,31.0,380.0,3483.0,566.0,112.0,,,1692.0,,28.0,5096.0,14214.0,33305.0,13967.0,68.9,80.4
2026-05-21 10:00:00,,,5062.0,2313.0,405.0,,36.0,380.0,2968.0,565.0,75.0,,,1686.0,,28.0,5180.0,14387.0,32489.0,12894.0,70.6,81.9
2026-05-21 10:15:00,,,5071.0,2288.0,410.0,161.0,42.0,381.0,2655.0,561.0,72.0,,,1669.0,,28.0,4963.0,14882.0,32303.0,12430.0,71.8,82.5
2026-05-21 10:30:00,,,5077.0,2267.0,410.0,173.0,37.0,382.0,2776.0,560.0,69.0,,,1671.0,,28.0,4321.0,15354.0,32044.0,12341.0,71.8,82.0
2026-05-21 10:45:00,-1239.0,,5084.0,2283.0,411.0,175.0,37.0,380.0,2851.0,560.0,71.0,0.0,,1673.0,,28.0,4186.0,15765.0,31641.0,11662.0,73.7,82.0
2026-05-21 11:00:00,-1239.0,,4981.0,2131.0,414.0,180.0,46.0,379.0,2446.0,560.0,41.0,0.0,,1669.0,,28.0,4150.0,16063.0,31532.0,11291.0,74.2,83.2
2026-05-21 11:15:00,-1243.0,,4987.0,2110.0,415.0,187.0,50.0,379.0,2157.0,563.0,43.0,0.0,,1669.0,,28.0,4161.0,16373.0,31318.0,10756.0,75.7,84.2
2026-05-21 11:30:00,-1096.0,,4991.0,2130.0,415.0,190.0,50.0,379.0,2147.0,563.0,42.0,0.0,,1671.0,,29.0,4269.0,16648.0,31290.0,10344.0,77.0,84.4
2026-05-21 11:45:00,-1501.0,-805.0,4956.0,2148.0,415.0,186.0,65.0,380.0,2142.0,563.0,42.0,0.0,0.0,1663.0,,29.0,4350.0,16890.0,31107.0,9838.0,78.6,84.6
2026-05-21 12:00:00,-1935.0,-973.0,5029.7,2085.0,423.0,183.0,90.0,381.0,2236.0,562.0,42.0,0.0,0.0,1651.0,,29.0,4398.0,16946.0,30448.0,9075.0,80.4,84.4
2026-05-21 12:15:00,-2573.0,-1308.0,5072.5,2079.0,429.0,188.0,99.0,382.0,2503.0,562.0,43.0,0.0,0.0,1652.0,,29.0,3951.0,16978.0,29711.0,8753.0,81.0,83.3
2026-05-21 12:30:00,-2780.0,-1334.0,4815.6,2070.0,429.0,187.0,121.0,381.0,2449.0,562.0,42.0,0.0,0.0,1653.0,,27.0,3843.0,17004.0,29450.0,8576.0,81.4,83.3
2026-05-21 12:45:00,-2799.0,-1365.0,4523.0,2025.0,425.0,193.0,121.0,380.0,2392.0,562.0,41.0,0.0,0.0,1653.0,,26.0,3916.0,17021.0,29445.0,8482.0,81.6,83.5
2026-05-21 13:00:00,-2785.0,-1350.0,4570.3,2048.0,424.0,193.0,121.0,379.0,2455.0,562.0,41.0,0.0,0.0,1662.0,,25.0,3962.0,17008.0,29155.0,8160.0,82.6,83.3
2026-05-21 13:15:00,-2783.0,-1348.0,4604.2,2002.0,424.0,202.0,126.0,382.0,2511.0,561.0,41.0,0.0,0.0,1659.0,,22.0,3980.0,16951.0,29305.0,8352.0,81.8,83.1
2026-05-21 13:30:00,-2843.0,-1344.0,4580.5,2038.0,421.0,204.0,127.0,381.0,2564.0,561.0,43.0,0.0,0.0,1661.0,,20.0,4015.0,16807.0,29701.0,8859.0,80.5,82.9
2026-05-21 13:45:00,-2796.0,-1260.0,4744.8,2088.0,423.0,206.0,138.0,378.0,2612.0,564.0,41.0,0.0,0.0,1662.0,,25.0,4078.0,16679.0,29950.0,9168.0,79.8,82.7
2026-05-21 14:00:00,-2728.0,-1123.0,5108.8,2048.0,422.0,,162.0,380.0,2409.0,571.0,41.0,0.0,0.0,1659.0,,25.0,4114.0,16427.0,29835.0,9269.0,79.3,83.7
2026-05-21 14:15:00,-2725.0,-899.0,4944.6,2028.0,419.0,,162.0,380.0,2583.0,571.0,41.0,0.0,0.0,1655.0,,29.0,4181.0,16160.0,30186.0,9816.0,77.6,83.1
2026-05-21 14:30:00,-2543.0,-826.0,5013.9,2021.0,418.0,,162.0,382.0,2770.0,572.0,42.0,0.0,0.0,1658.0,,28.0,4232.0,15854.0,30477.0,10363.0,76.0,82.3
2026-05-21 14:45:00,-2105.0,-679.0,5159.2,2023.0,413.0,,163.0,380.0,2565.0,572.0,43.0,0.0,0.0,1661.0,,29.0,4226.0,15632.0,30508.0,10621.0,75.2,82.8
2026-05-21 15:00:00,-2076.0,-655.0,5361.3,2032.0,402.0,,164.0,381.0,2508.0,571.0,43.0,0.0,0.0,1667.0,,29.0,4259.0,15302.0,30214.0,10624.0,74.9,82.7
2026-05-21 15:15:00,-2059.0,-294.0,5529.9,2051.0,398.0,,164.0,382.0,2253.0,571.0,41.0,0.0,0.0,1668.0,,29.0,4272.0,15259.0,30378.0,10818.0,74.5,83.5
2026-05-21 15:30:00,-2053.0,-238.0,5693.7,2052.0,403.0,,164.0,379.0,2265.0,571.0,41.0,0.0,0.0,1673.0,,29.0,4320.0,14702.0,30545.0,11494.0,72.4,83.2
2026-05-21 15:45:00,-1940.0,,5869.3,2072.0,406.0,,164.0,383.0,2489.0,571.0,45.0,0.0,,1673.0,,29.0,4339.0,14270.0,30804.0,12166.0,70.5,82.2
2026-05-21 16:00:00,-828.0,,5873.0,2102.0,407.0,,145.0,382.0,2466.0,571.0,53.0,0.0,,1678.0,,29.0,4364.0,13693.0,30706.0,12620.0,69.1,82.0
2026-05-21 16:15:00,-566.0,,5863.0,2108.0,409.0,,143.0,384.0,2522.0,571.0,52.0,0.0,,1680.0,,29.0,4360.0,13225.0,30751.0,13137.0,67.5,81.4
2026-05-21 16:30:00,,,5855.0,2130.0,406.0,,143.0,384.0,2898.0,570.0,52.0,,,1686.0,,29.0,4352.0,12460.0,30937.0,14096.0,64.6,79.6
2026-05-21 16:45:00,,,5845.0,2130.0,409.0,,143.0,383.0,3409.0,570.0,54.0,,,1692.0,,29.0,4350.0,11956.0,30910.0,14575.0,63.1,77.6
2026-05-21 17:00:00,,,5853.0,2360.0,420.0,,143.0,383.0,3441.0,570.0,135.0,,,1699.0,,29.0,4573.0,11451.0,31018.0,14965.0,63.0,77.5
2026-05-21 17:15:00,,,5843.0,2355.0,423.0,,,383.0,3962.0,570.0,142.0,,,1704.0,,29.0,5030.0,10440.0,31146.0,15647.0,61.0,75.8
2026-05-21 17:30:00,,,5828.0,2394.0,419.0,,,384.0,4567.0,570.0,137.0,,,1712.0,,29.0,5788.0,9588.0,31620.0,16215.0,59.9,74.0
2026-05-21 17:45:00,,0.0,5812.0,2430.0,420.0,,,385.0,5596.0,570.0,144.0,,35.0,1728.0,,29.0,5984.0,8497.0,32094.0,17584.0,56.3,70.1
2026-05-21 18:00:00,,,5971.3,2578.0,421.0,,,382.0,6379.0,570.0,194.0,,,1743.0,,29.0,6512.0,7225.0,32560.0,18794.0,53.8,67.3
2026-05-21 18:15:00,,,5644.2,2609.0,431.0,,,383.0,7689.0,571.0,233.0,,,1749.0,,29.0,6636.0,5966.0,32820.0,20189.0,50.2,62.7
2026-05-21 18:30:00,,,5968.8,2688.0,438.0,,,382.0,8946.0,574.0,240.0,,,1760.0,,29.0,6590.0,4765.0,33345.0,21961.0,46.0,58.0
2026-05-21 18:45:00,0.0,0.0,5548.8,2964.0,438.0,,,383.0,9762.0,574.0,315.0,135.0,84.0,1767.0,,30.0,6472.0,3602.0,33784.0,23680.0,42.6,54.7
2026-05-21 19:00:00,0.0,,5618.2,3299.0,439.0,,,383.0,9737.0,575.0,453.0,388.0,,1772.0,,30.0,6473.0,2586.0,34600.0,25511.0,40.0,53.8
2026-05-21 19:15:00,0.0,0.0,5057.9,3355.0,444.0,,,383.0,10381.0,575.0,516.0,413.0,1491.0,1767.0,,29.0,6446.0,1711.0,35015.0,26829.0,37.3,51.1
2026-05-21 19:30:00,0.0,0.0,5237.2,3546.0,442.0,,,380.0,10843.0,575.0,606.0,528.0,1540.0,1774.0,,30.0,6434.0,1021.0,35029.0,27544.0,36.1,49.3
2026-05-21 19:45:00,0.0,0.0,4995.7,3681.0,447.0,,,383.0,11096.0,575.0,856.0,535.0,1614.0,1774.0,,29.0,6311.0,560.0,35289.0,28389.0,35.3,48.5
2026-05-21 20:00:00,0.0,0.0,4790.8,3873.0,448.0,,,382.0,11541.0,576.0,909.0,536.0,1610.0,1771.0,,29.0,6223.0,264.0,35614.0,29098.0,34.6,47.4
2026-05-21 20:15:00,0.0,0.0,4423.0,3950.0,451.0,,,383.0,11989.0,576.0,908.0,931.0,1627.0,1776.0,,28.0,6206.0,82.0,35470.0,29154.0,34.4,46.3
2026-05-21 20:30:00,0.0,0.0,4712.1,4015.0,460.0,,,383.0,11996.0,577.0,899.0,997.0,1654.0,1778.0,,26.0,6216.0,8.0,35848.0,29598.0,34.0,46.3
2026-05-21 20:45:00,0.0,0.0,4724.5,3992.0,464.0,,,385.0,11830.0,578.0,899.0,869.0,1421.0,1782.0,,26.0,6231.0,1.0,35721.0,29463.0,34.1,46.6
2026-05-21 21:00:00,0.0,0.0,4384.0,4017.0,467.0,,,382.0,11771.0,578.0,903.0,852.0,1595.0,1780.0,,28.0,6317.0,0.0,35519.0,29174.0,34.7,46.9
2026-05-21 21:15:00,0.0,0.0,4365.1,4040.0,483.0,,,383.0,11756.0,578.0,901.0,531.0,1574.0,1786.0,,28.0,6415.0,0.0,34954.0,28511.0,35.6,47.2
2026-05-21 21:30:00,0.0,0.0,4347.4,4014.0,498.0,,,384.0,11434.0,578.0,819.0,391.0,1359.0,1790.0,,25.0,6474.0,0.0,34406.0,27907.0,36.1,47.7
2026-05-21 21:45:00,,0.0,4464.8,3795.0,512.0,,,382.0,11022.0,578.0,673.0,,1238.0,1789.0,,23.0,6495.0,0.0,33510.0,26992.0,36.0,47.8
2026-05-21 22:00:00,,0.0,4272.0,3511.0,517.0,,,384.0,10953.0,579.0,508.0,,803.0,1783.0,,26.0,6563.0,0.0,32425.0,25836.0,36.1,47.1
2026-05-21 22:15:00,,0.0,4567.0,3547.0,527.0,,,382.0,10704.0,578.0,421.0,,163.0,1774.0,,22.0,6588.0,0.0,31822.0,25212.0,36.7,47.6
2026-05-21 22:30:00,,0.0,4921.1,3431.0,545.0,,,379.0,10206.0,579.0,419.0,,58.0,1771.0,,16.0,6537.0,0.0,31300.0,24747.0,36.8,48.3
2026-05-21 22:45:00,,,4872.8,3386.0,558.0,,,380.0,9971.0,579.0,374.0,,,1768.0,,15.0,6486.0,0.0,30488.0,23987.0,37.4,48.5
2026-05-21 23:00:00,,0.0,5286.9,3227.0,573.0,,,380.0,10110.0,579.0,285.0,,29.0,1759.0,,9.0,6508.0,0.0,29968.0,23451.0,37.3,47.7
2026-05-21 23:15:00,,0.0,4889.6,3100.0,588.0,,,381.0,9891.0,579.0,298.0,,60.0,1756.0,,12.0,6517.0,0.0,29383.0,22854.0,37.8,48.0
2026-05-21 23:30:00,,0.0,4796.8,3073.0,597.0,,,380.0,9260.0,579.0,306.0,,35.0,1752.0,,24.0,6470.0,0.0,28537.0,22043.0,38.7,49.2
2026-05-21 23:45:00,,,4732.2,3072.0,607.0,,,379.0,8738.0,579.0,348.0,,,1746.0,,27.0,6393.0,0.0,27948.0,21528.0,39.5,50.4
2026-05-22 00:00:00,0.0,,4800.0,2811.0,592.0,270.0,150.0,379.0,8352.0,579.0,259.0,158.0,,1723.0,,26.0,6316.0,0.0,27373.0,21031.0,38.7,49.3
2026-05-22 00:15:00,,,4770.6,2804.0,591.0,245.0,143.0,382.0,7517.0,579.0,245.0,,,1719.0,,22.0,6288.0,0.0,26703.0,20393.0,39.4,51.3
2026-05-22 00:30:00,0.0,,4776.0,2685.0,584.0,152.0,143.0,381.0,7049.0,579.0,269.0,1864.0,,1722.0,,25.0,6253.0,0.0,26536.0,20258.0,39.2,52.4
2026-05-22 00:45:00,0.0,,4772.0,2666.0,592.0,123.0,143.0,382.0,6765.0,580.0,261.0,1174.0,,1722.0,,28.0,6217.0,0.0,25847.0,19602.0,40.0,53.1
2026-05-22 01:00:00,0.0,,4866.1,2571.0,600.0,122.0,144.0,382.0,7012.0,580.0,280.0,637.0,,1719.0,,26.0,6213.0,0.0,25304.0,19065.0,40.6,52.3
2026-05-22 01:15:00,,,5001.3,2551.0,594.0,122.0,143.0,382.0,7024.0,580.0,206.0,,,1719.0,,23.0,6204.0,0.0,25368.0,19141.0,40.0,52.0
2026-05-22 01:30:00,0.0,,4937.2,2510.0,580.0,122.0,143.0,382.0,6945.0,580.0,137.0,788.0,,1721.0,,25.0,6107.0,0.0,25200.0,19068.0,39.4,51.6
2026-05-22 01:45:00,0.0,,5116.9,2504.0,584.0,123.0,143.0,383.0,6984.0,580.0,118.0,779.0,,1717.0,,28.0,6020.0,0.0,24755.0,18707.0,39.7,51.3
2026-05-22 02:00:00,,,5447.8,2511.0,585.0,122.0,32.0,379.0,7033.0,580.0,105.0,,,1715.0,,19.0,5946.0,0.0,24720.0,18755.0,39.4,51.2
2026-05-22 02:15:00,,,5649.2,2501.0,588.0,122.0,8.0,382.0,6823.0,581.0,102.0,,,1713.0,,15.0,5896.0,0.0,24542.0,18631.0,39.5,51.7
2026-05-22 02:30:00,,0.0,5506.5,2491.0,586.0,122.0,8.0,382.0,6638.0,581.0,102.0,,0.0,1708.0,,12.0,5855.0,0.0,24281.0,18414.0,39.6,52.1
2026-05-22 02:45:00,,,5185.4,2483.0,599.0,122.0,8.0,382.0,6473.0,581.0,103.0,,,1708.0,,13.0,5751.0,0.0,24360.0,18596.0,39.1,52.3
2026-05-22 03:00:00,,,4998.6,2518.0,607.0,122.0,8.0,382.0,6492.0,581.0,102.0,,,1706.0,,17.0,5767.0,0.0,24151.0,18367.0,39.7,52.4
2026-05-22 03:15:00,,,5320.0,2510.0,609.0,122.0,8.0,380.0,6491.0,581.0,102.0,,,1707.0,,23.0,5874.0,0.0,24045.0,18148.0,40.3,52.7
2026-05-22 03:30:00,,,5415.8,2506.0,608.0,122.0,8.0,380.0,6384.0,581.0,108.0,,,1708.0,,24.0,5895.0,0.0,24040.0,18121.0,40.4,53.1
2026-05-22 03:45:00,0.0,,5595.9,2510.0,607.0,122.0,8.0,379.0,6157.0,581.0,110.0,440.0,,1701.0,,24.0,5925.0,0.0,23910.0,17961.0,40.8,53.8
2026-05-22 04:00:00,0.0,,5082.9,2529.0,605.0,122.0,8.0,380.0,6334.0,581.0,111.0,517.0,,1706.0,,28.0,5905.0,0.0,24101.0,18168.0,40.5,53.3
2026-05-22 04:15:00,0.0,,5147.9,2522.0,605.0,122.0,8.0,381.0,6371.0,581.0,112.0,551.0,,1706.0,,30.0,5931.0,0.0,24401.0,18440.0,40.1,53.2
2026-05-22 04:30:00,0.0,0.0,5254.9,2451.0,604.0,122.0,8.0,380.0,6254.0,581.0,112.0,574.0,1.0,1710.0,,29.0,5973.0,0.0,24369.0,18367.0,40.0,53.5
2026-05-22 04:45:00,0.0,0.0,5247.2,2459.0,601.0,122.0,8.0,380.0,6327.0,581.0,113.0,575.0,4.0,1716.0,,30.0,5916.0,0.0,24415.0,18469.0,39.7,53.1
2026-05-22 05:00:00,0.0,0.0,5048.1,2586.0,600.0,122.0,8.0,381.0,6499.0,581.0,171.0,544.0,8.0,1716.0,,30.0,5905.0,0.0,25062.0,19127.0,39.4,53.1
2026-05-22 05:15:00,,0.0,5099.0,2590.0,607.0,112.0,8.0,380.0,6926.0,581.0,181.0,,4.0,1716.0,,30.0,5936.0,0.0,25132.0,19166.0,39.5,52.1
2026-05-22 05:30:00,,0.0,5164.6,2593.0,605.0,113.0,8.0,381.0,7459.0,581.0,190.0,,7.0,1721.0,,30.0,5906.0,7.0,25258.0,19315.0,39.2,50.6
2026-05-22 05:45:00,0.0,,5253.9,2616.0,606.0,112.0,8.0,381.0,7455.0,581.0,213.0,92.0,,1719.0,,30.0,5916.0,58.0,25429.0,19425.0,39.4,50.9
2026-05-22 06:00:00,0.0,,4852.0,2912.0,606.0,114.0,8.0,381.0,7018.0,581.0,277.0,1026.0,,1735.0,,30.0,5906.0,263.0,26960.0,20761.0,39.2,53.3
2026-05-22 06:15:00,0.0,,5226.0,2970.0,608.0,113.0,8.0,380.0,6905.0,581.0,310.0,1316.0,,1741.0,,29.0,5905.0,636.0,27931.0,21361.0,39.5,54.7
2026-05-22 06:30:00,0.0,,5431.0,3025.0,608.0,113.0,8.0,381.0,6991.0,581.0,402.0,1029.0,,1745.0,,29.0,5903.0,1124.0,28915.0,21859.0,40.4,55.8
2026-05-22 06:45:00,0.0,0.0,5675.0,3028.0,609.0,113.0,8.0,379.0,6814.0,581.0,386.0,1261.0,206.0,1751.0,,29.0,5874.0,1794.0,29743.0,22046.0,41.4,57.6
2026-05-22 07:00:00,0.0,0.0,5430.3,3046.0,631.0,113.0,8.0,379.0,6549.0,580.0,361.0,1563.0,601.0,1746.0,,29.0,5814.0,2729.0,30924.0,22352.0,42.7,60.0
2026-05-22 07:15:00,0.0,,6457.8,3013.0,622.0,113.0,8.0,381.0,6326.0,580.0,343.0,1718.0,,1742.0,,28.0,5671.0,3854.0,31880.0,22327.0,44.3,62.2
2026-05-22 07:30:00,0.0,,6585.0,3026.0,609.0,112.0,8.0,381.0,6331.0,579.0,311.0,1755.0,,1736.0,,25.0,5540.0,5106.0,32780.0,22109.0,46.4,63.9
2026-05-22 07:45:00,0.0,,6842.0,3002.0,607.0,103.0,8.0,379.0,5667.0,580.0,317.0,1634.0,,1736.0,,24.0,5467.0,6400.0,33147.0,21256.0,49.5,67.5
2026-05-22 08:00:00,,,6643.0,2937.0,600.0,101.0,9.0,380.0,4972.0,579.0,386.0,,,1734.0,,26.0,5459.0,7697.0,33852.0,20670.0,52.2,71.1
2026-05-22 08:15:00,,,6529.0,3039.0,613.0,100.0,9.0,380.0,4335.0,579.0,394.0,,,1731.0,,27.0,5464.0,8914.0,34493.0,20088.0,55.2,74.4
2026-05-22 08:30:00,,0.0,6539.0,2957.0,616.0,103.0,9.0,377.0,3682.0,579.0,389.0,,399.0,1725.0,,25.0,5451.0,10147.0,34501.0,18878.0,58.4,77.4
2026-05-22 08:45:00,0.0,,6548.0,2912.0,619.0,103.0,17.0,382.0,3621.0,579.0,387.0,1317.0,,1721.0,,25.0,5476.0,11231.0,34438.0,17706.0,61.6,78.4
2026-05-22 09:00:00,,0.0,5791.0,2844.0,621.0,105.0,9.0,381.0,3704.0,578.0,330.0,,116.0,1718.0,,28.0,5631.0,11754.0,34072.0,16659.0,63.9,78.6
2026-05-22 09:15:00,,,5801.0,2808.0,620.0,111.0,9.0,381.0,3793.0,578.0,330.0,,,1709.0,,29.0,5520.0,12109.0,34152.0,16494.0,64.4,78.6
2026-05-22 09:30:00,,,5810.0,2758.0,620.0,101.0,26.0,381.0,3613.0,577.0,316.0,,,1701.0,,28.0,5581.0,12635.0,33635.0,15391.0,66.9,79.5
2026-05-22 09:45:00,,,5819.0,2758.0,627.0,101.0,32.0,381.0,3258.0,577.0,268.0,,,1701.0,,29.0,5747.0,13171.0,33221.0,14274.0,69.8,80.9
2026-05-22 10:00:00,-738.0,,5686.0,2453.0,634.0,101.0,32.0,380.0,2702.0,577.0,162.0,0.0,,1705.0,,29.0,5896.0,13762.0,32748.0,13061.0,71.8,82.7
2026-05-22 10:15:00,-1082.0,,5695.0,2404.0,638.0,101.0,32.0,377.0,2563.0,577.0,99.0,0.0,,1705.0,,27.0,5597.0,13960.0,32269.0,12685.0,72.2,83.0
2026-05-22 10:30:00,-1219.0,,5703.0,2391.0,643.0,101.0,32.0,378.0,2683.0,577.0,96.0,0.0,,1699.0,,24.0,5042.0,14588.0,32220.0,12566.0,72.5,82.7
2026-05-22 10:45:00,-1636.0,-418.0,5708.0,2373.0,652.0,101.0,32.0,377.0,2553.0,576.0,94.0,0.0,0.0,1698.0,,23.0,4933.0,15024.0,31749.0,11769.0,74.6,83.3
2026-05-22 11:00:00,-1907.0,,5733.0,2280.0,659.0,101.0,32.0,375.0,2428.0,576.0,56.0,0.0,,1695.0,,21.0,4072.0,15394.0,31215.0,11728.0,73.9,83.3
2026-05-22 11:15:00,-1932.0,,5664.0,2286.0,642.0,101.0,32.0,376.0,2395.0,576.0,56.0,0.0,,1694.0,,18.0,3770.0,15702.0,31181.0,11691.0,73.9,83.4
2026-05-22 11:30:00,-2442.0,,5689.0,2273.0,645.0,101.0,32.0,372.0,2403.0,576.0,61.0,0.0,,1679.0,,21.0,3777.0,16057.0,30972.0,11117.0,75.6,83.6
2026-05-22 11:45:00,-2395.0,-574.0,5745.0,2247.0,655.0,101.0,32.0,372.0,2221.0,576.0,55.0,0.0,0.0,1671.0,,24.0,3769.0,16309.0,30686.0,10584.0,77.0,84.3
2026-05-22 12:00:00,-2705.0,-858.0,6070.6,2196.0,657.0,101.0,32.0,372.0,2258.0,575.0,66.0,0.0,0.0,1683.0,,24.0,3752.0,16518.0,29829.0,9535.0,79.7,84.3
2026-05-22 12:15:00,-2945.0,-1140.0,6183.5,2192.0,664.0,101.0,32.0,372.0,2189.0,575.0,91.0,0.0,0.0,1682.0,,24.0,3542.0,16114.0,28910.0,9230.0,80.3,84.1
2026-05-22 12:30:00,-3125.0,-1159.0,6194.6,2198.0,669.0,101.0,32.0,374.0,2215.0,575.0,130.0,0.0,0.0,1686.0,,24.0,3331.0,15810.0,28753.0,9588.0,79.1,83.8
2026-05-22 12:45:00,-3377.0,-1117.0,6079.3,2161.0,678.0,101.0,31.0,372.0,2456.0,574.0,75.0,0.0,0.0,1681.0,,16.0,3052.0,15663.0,28591.0,9860.0,77.7,82.7
2026-05-22 13:00:00,-3377.0,-1126.0,6134.0,2075.0,685.0,100.0,32.0,374.0,2439.0,574.0,41.0,0.0,0.0,1683.0,,10.0,2852.0,15597.0,28529.0,10070.0,76.5,82.5
2026-05-22 13:15:00,-3282.0,-1120.0,6283.4,2083.0,685.0,102.0,31.0,371.0,2534.0,574.0,40.0,0.0,0.0,1685.0,,10.0,2869.0,15521.0,28741.0,10341.0,75.8,82.2
2026-05-22 13:30:00,-3060.0,-1124.0,6197.4,2092.0,690.0,101.0,31.0,376.0,2479.0,574.0,39.0,0.0,0.0,1683.0,,10.0,2886.0,15281.0,28624.0,10447.0,75.4,82.2
2026-05-22 13:45:00,-3062.0,,6129.2,2081.0,690.0,101.0,31.0,374.0,2384.0,574.0,40.0,0.0,,1682.0,,10.0,3013.0,15327.0,28562.0,10212.0,76.1,82.6
2026-05-22 14:00:00,-3056.0,-1146.0,6220.6,2103.0,675.0,101.0,71.0,374.0,2425.0,575.0,50.0,0.0,0.0,1680.0,,10.0,3008.0,15109.0,28611.0,10484.0,75.3,82.2
2026-05-22 14:15:00,-3052.0,-1143.0,6251.3,2094.0,672.0,101.0,71.0,376.0,2535.0,574.0,42.0,0.0,0.0,1682.0,,10.0,3022.0,14769.0,28455.0,10654.0,74.4,81.6
2026-05-22 14:30:00,-3025.0,,6393.1,2092.0,665.0,101.0,71.0,381.0,2667.0,573.0,40.0,0.0,,1687.0,,10.0,3042.0,14906.0,29054.0,11096.0,73.4,81.3
2026-05-22 14:45:00,-2459.0,,6383.8,2077.0,661.0,101.0,71.0,381.0,2539.0,571.0,40.0,0.0,,1687.0,,19.0,4032.0,14696.0,29530.0,10783.0,74.8,82.2
2026-05-22 15:00:00,-2318.0,-982.0,6119.3,2093.0,654.0,102.0,71.0,381.0,2223.0,566.0,41.0,0.0,0.0,1687.0,,22.0,4574.0,14237.0,29575.0,10742.0,75.0,83.3
2026-05-22 15:15:00,-2178.0,-706.0,5945.7,2112.0,655.0,102.0,71.0,381.0,2082.0,566.0,41.0,0.0,0.0,1680.0,,22.0,4591.0,13714.0,29535.0,11208.0,73.5,83.4
2026-05-22 15:30:00,-2174.0,,5669.4,2121.0,654.0,102.0,71.0,378.0,2118.0,566.0,41.0,0.0,,1685.0,,22.0,4646.0,13342.0,29717.0,11707.0,72.0,83.1
2026-05-22 15:45:00,-2127.0,,5538.1,2135.0,660.0,113.0,71.0,377.0,2140.0,565.0,44.0,0.0,,1687.0,,23.0,5056.0,12838.0,29888.0,11971.0,71.3,82.9
2026-05-22 16:00:00,-1615.0,,6469.0,2248.0,669.0,122.0,67.0,375.0,2128.0,566.0,145.0,0.0,,1697.0,,22.0,5477.0,12190.0,29700.0,12011.0,71.8,82.9
2026-05-22 16:15:00,,,6187.2,2265.0,676.0,122.0,49.0,376.0,2192.0,565.0,139.0,,,1699.0,,23.0,5533.0,11845.0,30077.0,12676.0,70.0,82.6
2026-05-22 16:30:00,,,6231.3,2246.0,682.0,122.0,49.0,376.0,2296.0,568.0,62.0,,,1700.0,,24.0,5581.0,11351.0,30357.0,13401.0,67.6,81.9
2026-05-22 16:45:00,,,6090.4,2260.0,683.0,122.0,48.0,377.0,2598.0,573.0,62.0,,,1702.0,,26.0,5779.0,10690.0,30421.0,13926.0,66.0,80.5
2026-05-22 17:00:00,,,5669.5,2340.0,687.0,,49.0,378.0,2812.0,566.0,115.0,,,1712.0,,29.0,5881.0,10063.0,30637.0,14664.0,64.2,79.9
2026-05-22 17:15:00,,,5566.6,2400.0,693.0,,49.0,379.0,3349.0,565.0,130.0,,,1717.0,,29.0,5988.0,9542.0,30817.0,15258.0,62.8,77.9
2026-05-22 17:30:00,,0.0,5864.8,2410.0,696.0,,49.0,379.0,3818.0,565.0,131.0,,40.0,1724.0,,29.0,6003.0,9213.0,30935.0,15690.0,61.6,76.1
2026-05-22 17:45:00,,0.0,5717.9,2434.0,697.0,,48.0,378.0,4517.0,565.0,148.0,,359.0,1732.0,,28.0,5901.0,8207.0,31364.0,17228.0,57.3,72.9
2026-05-22 18:00:00,,,6328.0,2755.0,696.0,,49.0,379.0,5591.0,565.0,179.0,,,1741.0,,29.0,6013.0,7088.0,31644.0,18514.0,54.7,69.1
2026-05-22 18:15:00,,,5691.4,2836.0,699.0,,49.0,382.0,6506.0,565.0,197.0,,,1753.0,,28.0,6841.0,5974.0,32236.0,19393.0,53.2,66.4
2026-05-22 18:30:00,,0.0,6231.9,2901.0,698.0,,49.0,379.0,7253.0,565.0,205.0,,13.0,1762.0,,22.0,6932.0,4791.0,32751.0,21006.0,49.2,63.1
2026-05-22 18:45:00,,0.0,6519.9,3037.0,696.0,,49.0,380.0,8395.0,565.0,305.0,,95.0,1771.0,,23.0,6723.0,3593.0,33238.0,22899.0,45.0,58.5
2026-05-22 19:00:00,,0.0,6540.3,3399.0,696.0,,49.0,381.0,8726.0,566.0,542.0,,894.0,1777.0,,27.0,6536.0,2629.0,33791.0,24599.0,42.6,56.8
2026-05-22 19:15:00,,0.0,6261.1,3554.0,697.0,,49.0,379.0,9203.0,566.0,611.0,,1482.0,1785.0,,23.0,6321.0,1792.0,34416.0,26280.0,39.4,54.3
2026-05-22 19:30:00,0.0,0.0,6208.8,3710.0,699.0,,49.0,379.0,10015.0,566.0,735.0,378.0,1518.0,1793.0,,24.0,6075.0,1079.0,34656.0,27478.0,37.2,51.3
2026-05-22 19:45:00,0.0,0.0,5770.1,3851.0,698.0,,48.0,378.0,10379.0,567.0,1002.0,647.0,1581.0,1796.0,,26.0,5985.0,592.0,34822.0,28219.0,36.5,50.2
2026-05-22 20:00:00,0.0,0.0,5215.4,4126.0,701.0,,49.0,378.0,10676.0,567.0,1007.0,559.0,1597.0,1797.0,,23.0,5967.0,275.0,34862.0,28597.0,36.3,49.5
2026-05-22 20:15:00,0.0,0.0,5168.0,4237.0,700.0,,49.0,378.0,10769.0,568.0,1055.0,788.0,1624.0,1796.0,,24.0,5994.0,85.0,35153.0,29050.0,36.0,49.4
2026-05-22 20:30:00,0.0,0.0,4999.4,4261.0,703.0,,49.0,378.0,10890.0,568.0,1048.0,967.0,1655.0,1800.0,,26.0,5960.0,13.0,35242.0,29243.0,35.7,49.0
2026-05-22 20:45:00,0.0,0.0,4898.0,4231.0,699.0,,49.0,380.0,10847.0,568.0,1044.0,1015.0,1612.0,1802.0,,26.0,6036.0,0.0,34878.0,28816.0,36.1,49.1
2026-05-22 21:00:00,0.0,0.0,4622.0,4115.0,699.0,,49.0,380.0,10789.0,569.0,1010.0,998.0,1496.0,1809.0,,29.0,6131.0,0.0,34656.0,28496.0,36.2,49.1
2026-05-22 21:15:00,0.0,0.0,4601.0,4128.0,702.0,,49.0,381.0,10343.0,569.0,966.0,928.0,1596.0,1812.0,,29.0,6088.0,0.0,34329.0,28212.0,36.4,49.8
2026-05-22 21:30:00,0.0,0.0,5239.6,4070.0,698.0,,49.0,380.0,10307.0,569.0,780.0,303.0,1572.0,1812.0,,30.0,6061.0,0.0,33712.0,27621.0,36.2,49.3
2026-05-22 21:45:00,0.0,,4595.0,3946.0,699.0,,49.0,380.0,10101.0,569.0,721.0,298.0,,1810.0,,30.0,5994.0,0.0,32918.0,26894.0,36.3,49.2
2026-05-22 22:00:00,0.0,0.0,5534.0,3713.0,701.0,,49.0,381.0,10431.0,569.0,549.0,297.0,628.0,1803.0,,30.0,5887.0,0.0,31856.0,25939.0,35.9,47.5
2026-05-22 22:15:00,,0.0,5923.1,3644.0,702.0,,48.0,379.0,10405.0,569.0,431.0,,244.0,1800.0,,30.0,5881.0,0.0,31431.0,25520.0,35.8,47.1
2026-05-22 22:30:00,,0.0,6509.0,3469.0,700.0,,48.0,379.0,10069.0,569.0,370.0,,73.0,1794.0,,29.0,5914.0,0.0,30728.0,24785.0,36.0,47.3
2026-05-22 22:45:00,,,6068.7,3434.0,699.0,,48.0,380.0,9789.0,569.0,347.0,,,1794.0,,29.0,5913.0,0.0,29872.0,23930.0,36.8,47.8
2026-05-22 23:00:00,,,5718.1,3255.0,699.0,,48.0,379.0,10182.0,569.0,257.0,,,1786.0,,29.0,5835.0,0.0,29388.0,23524.0,36.2,46.2
2026-05-22 23:15:00,,,5930.1,3170.0,700.0,,48.0,373.0,9799.0,569.0,213.0,,,1769.0,,29.0,5821.0,0.0,28826.0,22976.0,36.4,46.7
2026-05-22 23:30:00,,,5891.4,3158.0,701.0,,48.0,368.0,9035.0,569.0,215.0,,,1772.0,,29.0,5767.0,0.0,28177.0,22381.0,37.0,48.2
2026-05-22 23:45:00,,0.0,5912.6,3129.0,702.0,,48.0,360.0,8575.0,569.0,231.0,,32.0,1774.0,,30.0,5752.0,0.0,27808.0,22026.0,37.4,49.2
2026-05-23 00:00:00,,0.0,5150.6,3110.0,694.0,123.0,9.0,350.0,8182.0,567.0,215.0,,425.0,1758.0,,30.0,5775.0,0.0,27119.0,21314.0,38.3,49.9
2026-05-23 00:15:00,,0.0,5937.0,3092.0,698.0,122.0,9.0,344.0,7614.0,567.0,215.0,,190.0,1760.0,,30.0,5777.0,0.0,26610.0,20803.0,39.0,51.3
2026-05-23 00:30:00,,,5928.7,3079.0,698.0,123.0,9.0,344.0,7264.0,567.0,202.0,,,1756.0,,30.0,5730.0,0.0,26235.0,20475.0,39.3,52.0
2026-05-23 00:45:00,,0.0,5879.2,3099.0,699.0,123.0,9.0,343.0,6872.0,567.0,201.0,,5.0,1754.0,,29.0,5688.0,0.0,25772.0,20055.0,39.9,53.0
2026-05-23 01:00:00,,0.0,6196.3,3015.0,701.0,123.0,9.0,341.0,6614.0,567.0,201.0,,14.0,1754.0,,29.0,5633.0,0.0,25528.0,19866.0,39.7,53.4
2026-05-23 01:15:00,,0.0,6073.1,2910.0,701.0,122.0,9.0,343.0,6149.0,567.0,213.0,,0.0,1753.0,,26.0,5586.0,0.0,25131.0,19519.0,39.8,54.4
2026-05-23 01:30:00,,,6280.2,2844.0,702.0,123.0,9.0,342.0,5759.0,568.0,193.0,,,1752.0,,28.0,5509.0,0.0,24705.0,19168.0,39.8,55.2
2026-05-23 01:45:00,,,6283.0,2826.0,703.0,123.0,9.0,345.0,5660.0,568.0,193.0,,,1748.0,,27.0,5469.0,0.0,24480.0,18984.0,40.0,55.4
2026-05-23 02:00:00,,,6207.9,2761.0,709.0,123.0,9.0,342.0,5690.0,568.0,184.0,,,1746.0,,27.0,5453.0,0.0,24196.0,18716.0,40.1,55.1
2026-05-23 02:15:00,,,6319.0,2746.0,713.0,123.0,9.0,344.0,5850.0,568.0,170.0,,,1746.0,,22.0,5386.0,0.0,24043.0,18635.0,39.9,54.3
2026-05-23 02:30:00,,,6322.0,2737.0,711.0,122.0,9.0,341.0,5981.0,568.0,171.0,,,1744.0,,18.0,5318.0,0.0,24329.0,18993.0,39.1,53.7
2026-05-23 02:45:00,,,5945.7,2728.0,707.0,122.0,9.0,344.0,5694.0,568.0,163.0,,,1744.0,,15.0,5273.0,0.0,23857.0,18569.0,39.6,54.4
2026-05-23 03:00:00,,,6054.3,2735.0,708.0,122.0,9.0,345.0,5798.0,568.0,165.0,,,1742.0,,14.0,5284.0,0.0,23847.0,18549.0,39.7,54.2
2026-05-23 03:15:00,,,6116.6,2719.0,709.0,122.0,9.0,340.0,6007.0,568.0,174.0,,,1744.0,,14.0,5287.0,0.0,24108.0,18807.0,39.3,53.5
2026-05-23 03:30:00,,,6201.9,2701.0,708.0,123.0,9.0,344.0,5944.0,568.0,174.0,,,1745.0,,17.0,5263.0,0.0,23696.0,18416.0,39.8,53.6
2026-05-23 03:45:00,,,6137.4,2700.0,705.0,122.0,9.0,345.0,5697.0,568.0,177.0,,,1745.0,,12.0,5177.0,0.0,23806.0,18617.0,39.2,54.1
2026-05-23 04:00:00,,,5283.0,2741.0,703.0,122.0,9.0,343.0,6062.0,568.0,179.0,,,1747.0,,8.0,5069.0,0.0,23607.0,18530.0,39.3,52.8
2026-05-23 04:15:00,,0.0,5290.0,2709.0,706.0,122.0,9.0,343.0,6312.0,568.0,178.0,,4.0,1744.0,,11.0,4938.0,0.0,23432.0,18483.0,38.9,51.6
2026-05-23 04:30:00,,0.0,5286.9,2704.0,709.0,122.0,9.0,340.0,6330.0,568.0,178.0,,2.0,1743.0,,14.0,4879.0,0.0,23659.0,18766.0,38.3,51.4
2026-05-23 04:45:00,,0.0,5290.5,2702.0,706.0,122.0,9.0,341.0,6343.0,568.0,178.0,,3.0,1744.0,,16.0,4882.0,0.0,23596.0,18698.0,38.4,51.4
2026-05-23 05:00:00,,0.0,5427.7,2726.0,705.0,122.0,9.0,343.0,6364.0,568.0,191.0,,4.0,1750.0,,12.0,4895.0,0.0,23716.0,18809.0,38.4,51.4
2026-05-23 05:15:00,,,5430.0,2741.0,704.0,122.0,9.0,344.0,6274.0,567.0,189.0,,,1753.0,,14.0,4915.0,0.0,23790.0,18861.0,38.4,51.8
2026-05-23 05:30:00,,,5444.0,2752.0,704.0,122.0,9.0,342.0,6262.0,567.0,178.0,,,1750.0,,13.0,4954.0,4.0,23483.0,18512.0,39.1,51.9
2026-05-23 05:45:00,,,5393.0,2761.0,706.0,122.0,9.0,342.0,5845.0,567.0,180.0,,,1756.0,,12.0,4948.0,52.0,23192.0,18180.0,39.8,53.3
2026-05-23 06:00:00,,0.0,5437.4,2857.0,703.0,122.0,9.0,340.0,5849.0,568.0,225.0,,8.0,1758.0,,15.0,4910.0,255.0,23711.0,18531.0,40.2,54.1
2026-05-23 06:15:00,,0.0,5501.0,2839.0,705.0,122.0,9.0,341.0,6096.0,567.0,226.0,,2.0,1760.0,,15.0,4796.0,608.0,23826.0,18407.0,40.9,53.9
2026-05-23 06:30:00,,,5499.0,2819.0,709.0,122.0,9.0,342.0,6138.0,568.0,216.0,,,1757.0,,14.0,4754.0,1083.0,24344.0,18493.0,41.7,54.8
2026-05-23 06:45:00,,,5490.0,2836.0,693.0,122.0,9.0,341.0,6053.0,567.0,216.0,,,1756.0,,17.0,4756.0,1764.0,24653.0,18116.0,44.0,56.7
2026-05-23 07:00:00,,0.0,4529.0,2858.0,687.0,122.0,9.0,341.0,5816.0,567.0,236.0,,3.0,1753.0,,13.0,4753.0,2642.0,25374.0,17966.0,46.3,59.4
2026-05-23 07:15:00,,,4524.0,2854.0,685.0,122.0,9.0,341.0,5360.0,567.0,237.0,,,1754.0,,12.0,4796.0,3781.0,25811.0,17222.0,50.1,63.0
2026-05-23 07:30:00,,,4435.0,2817.0,684.0,122.0,9.0,340.0,4496.0,566.0,226.0,,,1751.0,,14.0,4872.0,4980.0,26002.0,16136.0,54.5,67.8
2026-05-23 07:45:00,,,4413.0,2749.0,683.0,122.0,9.0,341.0,3729.0,566.0,228.0,,,1748.0,,12.0,4896.0,6250.0,26019.0,14861.0,59.1,72.1
2026-05-23 08:00:00,,0.0,2907.0,2732.0,677.0,121.0,9.0,341.0,3663.0,566.0,190.0,,521.0,1746.0,,9.0,4933.0,7432.0,26422.0,14048.0,62.6,73.8
2026-05-23 08:15:00,,0.0,2869.0,2658.0,675.0,122.0,9.0,342.0,3287.0,566.0,179.0,,65.0,1743.0,,8.0,4950.0,8666.0,26566.0,12942.0,66.6,76.3
2026-05-23 08:30:00,,,2849.0,2645.0,678.0,122.0,9.0,342.0,2766.0,565.0,177.0,,,1744.0,,5.0,5004.0,9876.0,26746.0,11861.0,70.9,79.2
2026-05-23 08:45:00,,,2857.0,2628.0,675.0,121.0,9.0,340.0,2500.0,565.0,181.0,,,1742.0,,4.0,4860.0,11022.0,26915.0,11029.0,74.1,80.9
2026-05-23 09:00:00,,,1703.6,2541.0,676.0,122.0,9.0,341.0,2517.0,564.0,93.0,,,1739.0,,10.0,4534.0,11561.0,26811.0,10706.0,74.5,80.9
2026-05-23 09:15:00,-626.0,,1709.9,2503.0,674.0,122.0,9.0,341.0,2474.0,564.0,90.0,0.0,,1738.0,,15.0,4412.0,12178.0,27027.0,10422.0,75.6,81.4
2026-05-23 09:30:00,-320.0,,1714.8,2443.0,674.0,122.0,9.0,341.0,2112.0,564.0,90.0,0.0,,1738.0,,16.0,4367.0,12901.0,27035.0,9751.0,77.9,83.0
2026-05-23 09:45:00,-654.0,-803.0,1723.9,2434.0,676.0,123.0,9.0,341.0,1633.0,564.0,90.0,0.0,0.0,1731.0,,14.0,4446.0,13611.0,26454.0,8383.0,82.5,85.1
2026-05-23 10:00:00,-1062.0,,826.9,2251.0,675.0,,9.0,341.0,1663.0,564.0,94.0,0.0,,1724.0,,10.0,4550.0,14007.0,26209.0,7642.0,84.5,85.6
2026-05-23 10:15:00,-1083.0,,871.0,2229.0,675.0,,9.0,341.0,1453.0,563.0,94.0,0.0,,1722.0,,12.0,4620.0,14461.0,25762.0,6669.0,87.9,86.5
2026-05-23 10:30:00,-996.0,-706.0,851.1,2189.0,676.0,,9.0,340.0,1416.0,563.0,54.0,0.0,0.0,1719.0,,16.0,4495.0,14986.0,25303.0,5806.0,90.8,86.8
2026-05-23 10:45:00,-1386.0,-753.0,884.7,2177.0,676.0,,9.0,340.0,1430.0,563.0,40.0,0.0,0.0,1711.0,,16.0,3934.0,15263.0,24982.0,5769.0,90.7,86.7
2026-05-23 11:00:00,-1762.0,,-103.0,2119.0,674.0,,9.0,341.0,1642.0,562.0,29.0,0.0,,1710.0,,17.0,3926.0,15303.0,24319.0,5073.0,93.1,85.9
2026-05-23 11:15:00,-2337.0,,-39.0,2141.0,676.0,,9.0,339.0,1563.0,562.0,29.0,0.0,,1713.0,,18.0,3924.0,15667.0,23816.0,4207.0,96.6,86.4
2026-05-23 11:30:00,-2394.0,,-35.0,2109.0,675.0,,9.0,340.0,1437.0,562.0,29.0,0.0,,1708.0,,17.0,3965.0,15973.0,23699.0,3744.0,98.4,87.0
2026-05-23 11:45:00,-2618.0,,-30.0,2089.0,675.0,,9.0,340.0,1435.0,561.0,29.0,0.0,,1708.0,,19.0,3977.0,16195.0,23684.0,3493.0,99.4,87.1
2026-05-23 12:00:00,-2962.0,,-27.0,2038.0,680.0,,9.0,340.0,1644.0,561.0,30.0,0.0,,1698.0,,23.0,3983.0,16313.0,23148.0,2829.0,102.1,86.5
2026-05-23 12:15:00,-3012.0,,-28.0,2037.0,683.0,,9.0,340.0,1498.0,559.0,30.0,0.0,,1703.0,,24.0,3955.0,16432.0,23007.0,2596.0,103.1,87.0
2026-05-23 12:30:00,-2821.0,,-28.0,2024.0,684.0,,9.0,337.0,1442.0,546.0,30.0,0.0,,1703.0,,23.0,3954.0,16557.0,22913.0,2379.0,103.9,87.2
2026-05-23 12:45:00,-3047.0,-1109.0,-28.0,2028.0,684.0,,9.0,342.0,1462.0,538.0,30.0,0.0,0.0,1702.0,,23.0,3685.0,16110.0,22325.0,2507.0,103.5,86.8
2026-05-23 13:00:00,-3419.0,-881.0,-35.0,2026.0,683.0,,9.0,342.0,1720.0,538.0,27.0,0.0,0.0,1698.0,,25.0,3487.0,15565.0,21946.0,2869.0,101.8,85.6
2026-05-23 13:15:00,-3094.0,-968.0,-28.0,1989.0,671.0,,9.0,336.0,1724.0,538.0,25.0,0.0,0.0,1708.0,,28.0,3494.0,15388.0,21694.0,2784.0,102.0,85.4
2026-05-23 13:30:00,-3033.0,-1054.0,-27.0,1971.0,672.0,,9.0,338.0,1461.0,537.0,25.0,0.0,0.0,1697.0,,25.0,3447.0,15348.0,21342.0,2522.0,103.2,86.3
2026-05-23 13:45:00,-3030.0,-1049.0,-23.0,2012.0,669.0,,9.0,338.0,1465.0,537.0,25.0,0.0,0.0,1697.0,,27.0,3412.0,15269.0,21376.0,2668.0,102.7,86.2
2026-05-23 14:00:00,-3030.0,-1006.0,-24.1,2008.0,671.0,,9.0,340.0,1538.0,537.0,25.0,0.0,0.0,1697.0,,27.0,3407.0,14998.0,21162.0,2730.0,102.4,85.8
2026-05-23 14:15:00,-3001.0,-965.0,-25.0,2001.0,669.0,,9.0,340.0,1678.0,536.0,25.0,0.0,0.0,1695.0,,22.0,3387.0,14737.0,21168.0,3022.0,101.0,85.2
2026-05-23 14:30:00,-2561.0,-1004.0,-30.0,1980.0,667.0,122.0,9.0,338.0,1633.0,536.0,25.0,0.0,0.0,1698.0,,22.0,3386.0,14524.0,21297.0,3365.0,99.3,84.8
2026-05-23 14:45:00,-2219.0,-980.0,-35.8,1989.0,653.0,122.0,9.0,338.0,1682.0,536.0,25.0,0.0,0.0,1697.0,,23.0,3433.0,14224.0,21458.0,3778.0,97.3,84.4
2026-05-23 15:00:00,-2056.0,,-53.1,2011.0,657.0,122.0,9.0,336.0,1679.0,537.0,29.0,0.0,,1700.0,,22.0,3440.0,13842.0,21467.0,4163.0,95.7,84.2
2026-05-23 15:15:00,-1727.0,-894.0,-53.9,2015.0,673.0,122.0,9.0,341.0,1817.0,537.0,30.0,0.0,0.0,1696.0,,25.0,3440.0,13379.0,21305.0,4461.0,94.3,83.5
2026-05-23 15:30:00,-1740.0,,-57.6,2028.0,675.0,122.0,9.0,342.0,1948.0,537.0,30.0,0.0,,1695.0,,21.0,3654.0,13032.0,21682.0,4975.0,92.1,82.9
2026-05-23 15:45:00,-958.0,-703.0,-52.0,2040.0,679.0,122.0,9.0,344.0,1836.0,537.0,32.0,0.0,0.0,1701.0,,21.0,4151.0,12548.0,21971.0,5251.0,91.1,83.3
2026-05-23 16:00:00,-543.0,-678.0,603.6,2060.0,685.0,122.0,9.0,345.0,1555.0,537.0,36.0,0.0,0.0,1699.0,,10.0,4187.0,11948.0,21921.0,5776.0,88.8,83.9
2026-05-23 16:15:00,,,680.6,2117.0,682.0,122.0,9.0,344.0,1588.0,537.0,35.0,,,1699.0,,6.0,4583.0,11393.0,22343.0,6361.0,86.6,83.7
2026-05-23 16:30:00,,,810.4,2143.0,685.0,122.0,9.0,342.0,1866.0,537.0,35.0,,,1697.0,,19.0,4897.0,10835.0,22784.0,7033.0,84.1,82.6
2026-05-23 16:45:00,,,797.4,2212.0,687.0,122.0,9.0,344.0,2040.0,537.0,42.0,,,1689.0,,19.0,5018.0,10107.0,22978.0,7834.0,81.0,81.6
2026-05-23 17:00:00,,,1589.0,2388.0,694.0,122.0,49.0,345.0,2055.0,534.0,91.0,,,1691.0,,19.0,5108.0,9844.0,23786.0,8815.0,78.5,81.4
2026-05-23 17:15:00,,,1578.0,2433.0,696.0,122.0,50.0,349.0,2249.0,526.0,98.0,,,1696.0,,20.0,5243.0,9840.0,24178.0,9075.0,78.0,80.9
2026-05-23 17:30:00,,,1638.0,2479.0,700.0,122.0,49.0,349.0,2710.0,526.0,121.0,,,1710.0,,21.0,5448.0,9302.0,24789.0,10018.0,75.0,79.0
2026-05-23 17:45:00,,,1624.0,2562.0,700.0,122.0,50.0,348.0,4037.0,526.0,161.0,,,1728.0,,22.0,5524.0,8295.0,25453.0,11612.0,69.9,73.9
2026-05-23 18:00:00,,,3169.0,2765.0,702.0,122.0,49.0,347.0,4821.0,531.0,257.0,,,1758.0,,21.0,5706.0,7100.0,26382.0,13555.0,64.7,70.6
2026-05-23 18:15:00,,,3155.0,2994.0,692.0,122.0,49.0,346.0,5472.0,546.0,286.0,,,1773.0,,21.0,5546.0,5895.0,26939.0,15477.0,59.3,67.3
2026-05-23 18:30:00,,,3144.0,3042.0,695.0,123.0,49.0,346.0,6984.0,548.0,310.0,,,1788.0,,20.0,5238.0,4777.0,27602.0,17567.0,53.0,61.2
2026-05-23 18:45:00,,0.0,3136.0,3091.0,703.0,122.0,49.0,342.0,8256.0,548.0,354.0,,222.0,1803.0,,18.0,4939.0,3626.0,28174.0,19591.0,47.1,55.7
2026-05-23 19:00:00,0.0,,4057.0,3524.0,708.0,122.0,48.0,346.0,8801.0,548.0,521.0,1013.0,,1802.0,,18.0,4728.0,2602.0,29106.0,21758.0,43.5,53.2
2026-05-23 19:15:00,0.0,0.0,4054.0,3650.0,707.0,122.0,48.0,347.0,9087.0,548.0,591.0,1039.0,177.0,1806.0,,19.0,4471.0,1749.0,29465.0,23226.0,39.8,50.7
2026-05-23 19:30:00,0.0,0.0,3912.0,3786.0,702.0,122.0,49.0,345.0,8317.0,529.0,764.0,2112.0,889.0,1802.0,,15.0,4256.0,1069.0,29933.0,24593.0,37.2,51.1
2026-05-23 19:45:00,0.0,0.0,3886.0,3889.0,698.0,122.0,48.0,347.0,8068.0,528.0,791.0,2220.0,1548.0,1810.0,,9.0,4146.0,592.0,30093.0,25346.0,35.4,50.6
2026-05-23 20:00:00,0.0,0.0,4607.0,4023.0,705.0,122.0,49.0,348.0,7969.0,529.0,837.0,1755.0,1516.0,1815.0,,10.0,4094.0,279.0,30154.0,25771.0,34.7,50.4
2026-05-23 20:15:00,0.0,0.0,4606.0,4039.0,706.0,122.0,48.0,345.0,7995.0,529.0,856.0,1737.0,1577.0,1818.0,,12.0,4056.0,92.0,30267.0,26107.0,34.0,49.9
2026-05-23 20:30:00,0.0,0.0,4609.0,4047.0,709.0,122.0,49.0,345.0,7931.0,529.0,860.0,1737.0,1593.0,1818.0,,16.0,4097.0,13.0,30172.0,26046.0,34.0,50.0
2026-05-23 20:45:00,0.0,0.0,4612.0,4075.0,710.0,122.0,48.0,342.0,7690.0,530.0,843.0,1831.0,1566.0,1818.0,,18.0,4202.0,1.0,30116.0,25895.0,34.5,50.9
2026-05-23 21:00:00,0.0,0.0,4911.0,3925.0,715.0,122.0,50.0,342.0,7731.0,530.0,605.0,1790.0,1566.0,1815.0,,20.0,4281.0,0.0,30096.0,25795.0,33.5,50.0
2026-05-23 21:15:00,0.0,0.0,4919.0,3924.0,714.0,122.0,49.0,345.0,7892.0,530.0,523.0,1758.0,1559.0,1817.0,,20.0,4366.0,0.0,29888.0,25502.0,33.7,49.6
2026-05-23 21:30:00,0.0,0.0,4925.0,3759.0,713.0,122.0,49.0,344.0,8021.0,530.0,466.0,1659.0,1528.0,1814.0,,21.0,4434.0,0.0,29594.0,25139.0,33.5,48.9
2026-05-23 21:45:00,0.0,,4933.0,3710.0,715.0,122.0,48.0,345.0,7609.0,530.0,457.0,1655.0,,1811.0,,22.0,4490.0,0.0,29006.0,24494.0,34.2,50.0
2026-05-23 22:00:00,0.0,0.0,4906.0,3580.0,715.0,122.0,50.0,344.0,7851.0,530.0,450.0,1387.0,1079.0,1801.0,,22.0,4555.0,0.0,28463.0,23886.0,34.6,49.2
2026-05-23 22:15:00,0.0,0.0,4913.0,3659.0,714.0,122.0,49.0,343.0,7905.0,530.0,463.0,1342.0,930.0,1796.0,,24.0,4540.0,0.0,28138.0,23574.0,35.3,49.3
2026-05-23 22:30:00,0.0,0.0,4921.0,3486.0,713.0,122.0,51.0,345.0,7708.0,531.0,420.0,1295.0,1004.0,1792.0,,24.0,4494.0,0.0,27639.0,23121.0,35.0,49.1
2026-05-23 22:45:00,0.0,,4928.0,3313.0,715.0,122.0,48.0,346.0,7773.0,531.0,332.0,1293.0,,1789.0,,23.0,4545.0,0.0,27161.0,22593.0,34.8,48.4
2026-05-23 23:00:00,0.0,0.0,4345.0,3347.0,714.0,122.0,48.0,345.0,8362.0,532.0,362.0,1250.0,182.0,1782.0,,21.0,4605.0,0.0,26635.0,22009.0,36.0,47.3
2026-05-23 23:15:00,,,4625.7,3254.0,712.0,122.0,48.0,344.0,8347.0,532.0,375.0,,,1782.0,,14.0,4686.0,0.0,25989.0,21289.0,36.8,47.4
2026-05-23 23:30:00,,,4651.6,3209.0,712.0,122.0,48.0,343.0,7911.0,533.0,355.0,,,1785.0,,11.0,4747.0,0.0,25558.0,20800.0,37.4,48.4
2026-05-23 23:45:00,,,4984.6,3175.0,715.0,122.0,48.0,345.0,7645.0,533.0,348.0,,,1779.0,,13.0,4721.0,0.0,25212.0,20478.0,37.7,48.9
2026-05-24 00:00:00,,,6997.0,3023.0,710.0,122.0,9.0,342.0,6391.0,531.0,261.0,,,1768.0,,17.0,4695.0,0.0,24527.0,19815.0,37.7,51.7
2026-05-24 00:15:00,,,7204.0,3056.0,712.0,129.0,9.0,344.0,5489.0,531.0,214.0,,,1762.0,,19.0,4677.0,0.0,24018.0,19322.0,38.3,54.4
2026-05-24 00:30:00,,0.0,7187.0,2950.0,712.0,129.0,9.0,345.0,5155.0,531.0,206.0,,0.0,1760.0,,19.0,4640.0,0.0,23893.0,19234.0,37.9,55.0
2026-05-24 00:45:00,,0.0,7113.0,2938.0,714.0,,9.0,342.0,4691.0,532.0,217.0,,3.0,1760.0,,16.0,4649.0,0.0,23409.0,18744.0,38.7,57.1
2026-05-24 01:00:00,,,6905.0,3080.0,712.0,,9.0,341.0,4556.0,532.0,229.0,,,1750.0,,13.0,4630.0,0.0,23212.0,18569.0,39.6,58.0
2026-05-24 01:15:00,,,6769.0,3077.0,709.0,,9.0,342.0,4441.0,532.0,239.0,,,1755.0,,17.0,4584.0,0.0,22953.0,18352.0,39.9,58.3
2026-05-24 01:30:00,,,6770.0,3074.0,715.0,,9.0,341.0,4247.0,532.0,263.0,,,1751.0,,18.0,4505.0,0.0,22579.0,18056.0,40.3,58.9
2026-05-24 01:45:00,,,6784.0,3072.0,715.0,,9.0,341.0,4102.0,532.0,250.0,,,1746.0,,15.0,4448.0,0.0,22433.0,17970.0,40.3,59.3
2026-05-24 02:00:00,,,6416.0,3043.0,715.0,,9.0,343.0,4287.0,533.0,204.0,,,1749.0,,11.0,4415.0,0.0,22340.0,17914.0,39.9,58.3
2026-05-24 02:15:00,,0.0,6404.0,3045.0,714.0,,9.0,341.0,4098.0,532.0,217.0,,63.0,1747.0,,7.0,4324.0,0.0,21790.0,17459.0,40.6,58.8
2026-05-24 02:30:00,,0.0,6435.0,2923.0,713.0,,10.0,341.0,4173.0,532.0,211.0,,8.0,1745.0,,7.0,4223.0,0.0,21706.0,17476.0,39.7,57.9
2026-05-24 02:45:00,,,6392.0,3027.0,713.0,,10.0,340.0,3939.0,532.0,214.0,,,1750.0,,7.0,4139.0,0.0,21867.0,17721.0,39.5,58.8
2026-05-24 03:00:00,,,5529.0,3001.0,714.0,,9.0,338.0,3887.0,532.0,223.0,,,1745.0,,9.0,4078.0,0.0,21676.0,17589.0,39.5,58.9
2026-05-24 03:15:00,,,5530.0,3095.0,714.0,,10.0,337.0,3908.0,532.0,211.0,,,1746.0,,10.0,4000.0,0.0,21504.0,17494.0,39.8,58.8
2026-05-24 03:30:00,,,5530.0,3063.0,714.0,,10.0,337.0,3794.0,532.0,200.0,,,1741.0,,8.0,3953.0,0.0,21384.0,17423.0,39.6,59.0
2026-05-24 03:45:00,,,5530.0,2951.0,715.0,,10.0,344.0,3618.0,532.0,182.0,,,1738.0,,9.0,3956.0,0.0,21095.0,17130.0,39.6,59.4
2026-05-24 04:00:00,,,5544.0,2922.0,714.0,,10.0,348.0,3768.0,532.0,170.0,,,1738.0,,10.0,3960.0,0.0,21332.0,17362.0,38.9,58.6
2026-05-24 04:15:00,,0.0,5544.0,2918.0,714.0,,10.0,343.0,3826.0,532.0,170.0,,97.0,1737.0,,10.0,3918.0,0.0,21311.0,17383.0,38.8,58.3
2026-05-24 04:30:00,,0.0,5544.0,2897.0,714.0,,9.0,338.0,3767.0,533.0,180.0,,11.0,1736.0,,9.0,3932.0,0.0,21289.0,17348.0,38.8,58.6
2026-05-24 04:45:00,,0.0,5542.0,2888.0,716.0,,9.0,336.0,3667.0,532.0,192.0,,18.0,1733.0,,8.0,3941.0,0.0,21173.0,17224.0,39.1,59.0
2026-05-24 05:00:00,,0.0,5549.0,2955.0,716.0,,9.0,335.0,3727.0,532.0,229.0,,122.0,1735.0,,9.0,3885.0,0.0,21461.0,17567.0,38.8,58.9
2026-05-24 05:15:00,,,5548.0,2933.0,714.0,,9.0,340.0,3936.0,532.0,225.0,,,1736.0,,10.0,3855.0,0.0,21519.0,17654.0,38.4,57.9
2026-05-24 05:30:00,,,5545.0,2915.0,711.0,,9.0,344.0,4063.0,533.0,237.0,,,1735.0,,11.0,3908.0,9.0,21153.0,17225.0,39.4,57.5
2026-05-24 05:45:00,,,5394.0,2926.0,713.0,,9.0,344.0,3747.0,532.0,240.0,,,1737.0,,11.0,3949.0,67.0,20592.0,16565.0,41.0,59.1
2026-05-24 06:00:00,,0.0,4039.0,3154.0,714.0,,9.0,346.0,4572.0,532.0,293.0,,267.0,1740.0,,12.0,3978.0,286.0,21156.0,16880.0,42.4,57.4
2026-05-24 06:15:00,,0.0,4037.0,3213.0,713.0,,9.0,341.0,4535.0,532.0,277.0,,120.0,1739.0,,11.0,3921.0,654.0,21180.0,16594.0,44.0,58.5
2026-05-24 06:30:00,,,3983.0,3055.0,714.0,,9.0,341.0,4346.0,532.0,270.0,,,1741.0,,12.0,3826.0,1140.0,21031.0,16053.0,45.4,59.7
2026-05-24 06:45:00,,,3979.0,3010.0,714.0,,9.0,337.0,4154.0,532.0,257.0,,,1741.0,,12.0,3756.0,1827.0,21269.0,15674.0,47.5,61.8
2026-05-24 07:00:00,,0.0,2511.0,3205.0,714.0,,9.0,337.0,4039.0,532.0,281.0,,624.0,1737.0,,14.0,3638.0,2748.0,21578.0,15178.0,51.6,64.5
2026-05-24 07:15:00,0.0,0.0,2512.0,3077.0,712.0,,9.0,341.0,4080.0,531.0,262.0,604.0,112.0,1730.0,,15.0,3544.0,3767.0,21642.0,14316.0,55.0,65.9
2026-05-24 07:30:00,0.0,,2462.0,2976.0,710.0,,9.0,343.0,3432.0,530.0,233.0,630.0,,1731.0,,15.0,3490.0,4929.0,21802.0,13368.0,59.1,70.0
2026-05-24 07:45:00,0.0,,2464.0,2938.0,709.0,,9.0,344.0,3120.0,530.0,237.0,379.0,,1724.0,,14.0,3485.0,6167.0,22115.0,12449.0,63.7,73.0
2026-05-24 08:00:00,,,880.0,2775.0,697.0,,9.0,344.0,3129.0,530.0,165.0,,,1721.0,,11.0,3447.0,7406.0,21896.0,11032.0,68.6,74.3
2026-05-24 08:15:00,,,852.1,2736.0,676.0,,9.0,344.0,2934.0,530.0,159.0,,,1717.0,,10.0,3375.0,8676.0,22185.0,10124.0,72.9,76.4
2026-05-24 08:30:00,,,859.2,2720.0,680.0,,9.0,342.0,2549.0,530.0,163.0,,,1721.0,,10.0,3287.0,9853.0,22648.0,9498.0,76.1,78.9
2026-05-24 08:45:00,,,862.0,2708.0,684.0,,9.0,343.0,1812.0,529.0,150.0,,,1715.0,,10.0,3231.0,10927.0,22500.0,8332.0,81.1,82.5
2026-05-24 09:00:00,,,-56.5,2517.0,682.0,,9.0,342.0,1700.0,529.0,57.0,,,1709.0,,8.0,3195.0,12019.0,22596.0,7374.0,84.1,83.5
2026-05-24 09:15:00,,,-52.0,2452.0,681.0,,9.0,342.0,1626.0,529.0,48.0,,,1699.0,,6.0,3190.0,13000.0,22601.0,6405.0,88.1,84.4
2026-05-24 09:30:00,-1054.0,,-46.1,2441.0,682.0,,9.0,342.0,1603.0,528.0,49.0,0.0,,1697.0,,7.0,3191.0,13955.0,22774.0,5621.0,91.6,85.1
2026-05-24 09:45:00,-1715.0,-331.0,-41.9,2425.0,683.0,,9.0,341.0,1462.0,528.0,48.0,0.0,0.0,1693.0,,8.0,2986.0,14690.0,22427.0,4743.0,95.3,85.9
2026-05-24 10:00:00,-1928.0,,-37.4,2332.0,682.0,,9.0,342.0,1468.0,527.0,45.0,0.0,,1697.0,,7.0,2342.0,14838.0,21864.0,4677.0,95.0,85.5
2026-05-24 10:15:00,-1926.0,-866.0,-28.0,2315.0,687.0,,9.0,342.0,1477.0,527.0,47.0,0.0,0.0,1689.0,,6.0,2309.0,14886.0,21854.0,4653.0,95.1,85.5
2026-05-24 10:30:00,-1923.0,-897.0,-22.0,2312.0,696.0,,9.0,342.0,1563.0,528.0,50.0,0.0,0.0,1688.0,,8.0,2305.0,15018.0,21447.0,4116.0,97.5,85.3
2026-05-24 10:45:00,-2220.0,-904.0,-16.6,2310.0,697.0,,9.0,343.0,1480.0,527.0,48.0,0.0,0.0,1692.0,,9.0,2298.0,14989.0,21131.0,3835.0,98.8,85.6
2026-05-24 11:00:00,-2235.0,,-88.9,2294.0,704.0,,9.0,341.0,1510.0,527.0,39.0,0.0,,1686.0,,10.0,2210.0,15037.0,20944.0,3687.0,99.4,85.4
2026-05-24 11:15:00,-2236.0,-1046.0,-7.8,2286.0,696.0,,9.0,342.0,1473.0,527.0,38.0,0.0,0.0,1680.0,,10.0,2073.0,15102.0,20756.0,3571.0,99.9,85.5
2026-05-24 11:30:00,-2424.0,-1102.0,-1.9,2243.0,692.0,,9.0,342.0,1442.0,528.0,39.0,0.0,0.0,1678.0,,10.0,2050.0,15187.0,20563.0,3316.0,100.9,85.7
2026-05-24 11:45:00,-3063.0,-871.0,2.5,2251.0,666.0,,9.0,343.0,1556.0,527.0,40.0,0.0,0.0,1686.0,,10.0,2087.0,14694.0,20855.0,4064.0,97.2,84.9
2026-05-24 12:00:00,-3077.0,,7.0,2230.0,670.0,,9.0,342.0,1952.0,527.0,40.0,0.0,,1686.0,,10.0,2111.0,14594.0,20837.0,4122.0,96.9,83.5
2026-05-24 12:15:00,-3081.0,-626.0,12.0,2217.0,674.0,,9.0,342.0,2008.0,527.0,38.0,0.0,0.0,1686.0,,10.0,2126.0,14712.0,20764.0,3916.0,97.8,83.4
2026-05-24 12:30:00,-3078.0,-739.0,15.0,2231.0,691.0,,9.0,343.0,1779.0,527.0,39.0,0.0,0.0,1684.0,,10.0,2129.0,14829.0,20518.0,3550.0,99.7,84.3
2026-05-24 12:45:00,-3077.0,-751.0,16.0,2241.0,697.0,,9.0,344.0,1808.0,527.0,39.0,0.0,0.0,1682.0,,10.0,1899.0,14831.0,20507.0,3767.0,98.7,84.0
2026-05-24 13:00:00,-3075.0,-746.0,21.0,2219.0,692.0,,9.0,346.0,1941.0,528.0,39.0,0.0,0.0,1684.0,,10.0,1738.0,14921.0,20240.0,3571.0,99.5,83.5
2026-05-24 13:15:00,-3075.0,-819.0,26.0,2248.0,693.0,,9.0,346.0,1604.0,528.0,38.0,0.0,0.0,1685.0,,10.0,1702.0,14848.0,19755.0,3195.0,101.6,84.6
2026-05-24 13:30:00,-3072.0,-794.0,27.0,2257.0,696.0,,9.0,345.0,1569.0,528.0,39.0,0.0,0.0,1687.0,,2.0,1164.0,14834.0,19421.0,3421.0,100.5,84.4
2026-05-24 13:45:00,-3099.0,-752.0,27.0,2254.0,700.0,,9.0,343.0,1943.0,528.0,38.0,0.0,0.0,1687.0,,0.0,675.0,14645.0,19099.0,3779.0,98.6,82.6
2026-05-24 14:00:00,-3088.0,-682.0,22.0,2250.0,682.0,,9.0,343.0,2013.0,521.0,40.0,0.0,0.0,1702.0,,0.0,597.0,14620.0,19166.0,3949.0,97.6,82.1
2026-05-24 14:15:00,-3081.0,,24.0,2253.0,698.0,,49.0,344.0,1825.0,521.0,39.0,0.0,,1680.0,,0.0,577.0,14698.0,18981.0,3706.0,99.0,82.8
2026-05-24 14:30:00,-3156.0,,22.0,2258.0,695.0,129.0,49.0,342.0,1815.0,521.0,41.0,0.0,,1673.0,,0.0,577.0,14138.0,18961.0,4246.0,96.1,82.0
2026-05-24 14:45:00,-3499.0,,16.0,2241.0,692.0,128.0,48.0,342.0,1840.0,521.0,42.0,0.0,,1673.0,,0.0,707.0,14784.0,18817.0,3326.0,100.9,82.5
2026-05-24 15:00:00,-3687.0,,15.0,2264.0,698.0,129.0,49.0,342.0,2015.0,521.0,45.0,0.0,,1684.0,,0.0,768.0,14387.0,18947.0,3792.0,98.6,81.6
2026-05-24 15:15:00,-3684.0,-420.0,11.0,2275.0,704.0,128.0,48.0,343.0,1719.0,520.0,49.0,0.0,0.0,1683.0,,6.0,1078.0,14589.0,18830.0,3157.0,102.1,83.1
2026-05-24 15:30:00,-3419.0,-605.0,4.1,2286.0,704.0,128.0,48.0,343.0,1984.0,520.0,49.0,0.0,0.0,1665.0,,9.0,1317.0,14312.0,19080.0,3442.0,100.6,82.2
2026-05-24 15:45:00,-3385.0,,-2.0,2302.0,702.0,129.0,48.0,342.0,1569.0,521.0,51.0,0.0,,1659.0,,11.0,1781.0,14176.0,19531.0,3563.0,100.1,83.9
2026-05-24 16:00:00,-2395.0,-714.0,-10.6,2345.0,709.0,129.0,48.0,345.0,1538.0,521.0,53.0,0.0,0.0,1662.0,,10.0,1896.0,13655.0,19743.0,4182.0,97.2,83.8
2026-05-24 16:15:00,,-728.0,-22.0,2366.0,709.0,129.0,49.0,340.0,1649.0,530.0,53.0,,0.0,1663.0,,11.0,1915.0,12891.0,20178.0,5361.0,91.6,82.8
2026-05-24 16:30:00,,,-34.2,2386.0,716.0,129.0,48.0,343.0,1801.0,530.0,51.0,,,1657.0,,11.0,2041.0,12897.0,20790.0,5841.0,89.6,82.4
2026-05-24 16:45:00,,,-47.0,2379.0,717.0,129.0,48.0,344.0,2049.0,520.0,53.0,,,1669.0,,13.0,2394.0,12103.0,21032.0,6522.0,86.4,81.1
2026-05-24 17:00:00,,-76.0,878.0,2548.0,719.0,129.0,9.0,342.0,2240.0,571.0,108.0,,0.0,1675.0,,11.0,2885.0,11341.0,21770.0,7533.0,83.5,80.5
2026-05-24 17:15:00,,,865.0,2578.0,709.0,,9.0,344.0,2903.0,572.0,112.0,,,1673.0,,13.0,3064.0,10682.0,22389.0,8630.0,79.2,78.2
2026-05-24 17:30:00,,,905.0,2729.0,710.0,,12.0,345.0,3803.0,572.0,161.0,,,1670.0,,16.0,3409.0,9718.0,23167.0,10024.0,74.7,74.8
2026-05-24 17:45:00,,,891.0,2838.0,712.0,,11.0,344.0,4758.0,572.0,173.0,,,1691.0,,16.0,3671.0,8629.0,23989.0,11673.0,69.2,70.9
2026-05-24 18:00:00,,,2519.0,2941.0,703.0,,12.0,343.0,5730.0,572.0,272.0,,,1701.0,,17.0,3683.0,7405.0,24963.0,13858.0,62.5,66.7
2026-05-24 18:15:00,,0.0,2503.0,3067.0,700.0,,12.0,344.0,6699.0,582.0,302.0,,130.0,1710.0,,15.0,3631.0,6195.0,25472.0,15631.0,56.9,62.3
2026-05-24 18:30:00,,0.0,2491.0,3181.0,715.0,,11.0,345.0,7715.0,588.0,363.0,,81.0,1727.0,,13.0,3540.0,5042.0,25915.0,17320.0,51.9,57.8
2026-05-24 18:45:00,0.0,0.0,2482.0,3384.0,700.0,,10.0,346.0,8414.0,581.0,431.0,274.0,599.0,1750.0,,8.0,3379.0,3884.0,26532.0,19261.0,46.6,54.0
2026-05-24 19:00:00,0.0,0.0,3497.0,3677.0,704.0,,10.0,345.0,8544.0,582.0,489.0,855.0,901.0,1748.0,,6.0,3235.0,2926.0,27746.0,21579.0,41.9,52.2
2026-05-24 19:15:00,0.0,0.0,3493.0,3719.0,709.0,,9.0,343.0,9402.0,583.0,502.0,662.0,1012.0,1755.0,,3.0,3014.0,2075.0,28194.0,23102.0,37.6,48.0
2026-05-24 19:30:00,0.0,0.0,3488.0,3800.0,700.0,,10.0,344.0,9875.0,593.0,595.0,909.0,1557.0,1759.0,,2.0,2858.0,1357.0,28923.0,24706.0,34.2,45.2
2026-05-24 19:45:00,0.0,0.0,3481.0,3880.0,700.0,,10.0,340.0,9748.0,582.0,702.0,1961.0,1516.0,1772.0,,2.0,2712.0,825.0,28954.0,25415.0,32.5,44.2
2026-05-24 20:00:00,0.0,0.0,4464.0,3919.0,698.0,,10.0,345.0,9611.0,581.0,743.0,1734.0,943.0,1771.0,,3.0,2656.0,451.0,29233.0,26123.0,31.0,43.5
2026-05-24 20:15:00,0.0,0.0,4457.0,3935.0,697.0,,10.0,345.0,9623.0,591.0,738.0,1425.0,1097.0,1768.0,,3.0,2726.0,239.0,29422.0,26454.0,30.3,43.2
2026-05-24 20:30:00,0.0,0.0,4463.0,3968.0,700.0,,11.0,345.0,9768.0,591.0,746.0,1141.0,1266.0,1767.0,,1.0,2808.0,142.0,29632.0,26681.0,30.2,43.0
2026-05-24 20:45:00,0.0,0.0,4465.0,4026.0,701.0,,12.0,345.0,9859.0,591.0,749.0,1110.0,1570.0,1775.0,,1.0,2852.0,121.0,30044.0,27070.0,30.1,43.0
2026-05-24 21:00:00,0.0,0.0,5900.0,3922.0,686.0,,11.0,346.0,9787.0,590.0,676.0,223.0,1530.0,1770.0,,0.0,2818.0,141.0,30091.0,27132.0,29.4,42.6
2026-05-24 21:15:00,,0.0,5905.0,3922.0,678.0,,11.0,345.0,9936.0,591.0,543.0,,1460.0,1773.0,,1.0,2825.0,113.0,29872.0,26933.0,29.0,41.8
2026-05-24 21:30:00,,0.0,5911.0,3892.0,664.0,,11.0,343.0,9877.0,589.0,526.0,,1194.0,1765.0,,2.0,2924.0,0.0,29372.0,26446.0,29.3,41.7
2026-05-24 21:45:00,0.0,0.0,5918.0,3913.0,671.0,,11.0,346.0,9620.0,594.0,522.0,181.0,689.0,1771.0,,5.0,2940.0,0.0,29121.0,26176.0,29.7,42.4
2026-05-24 22:00:00,0.0,0.0,6951.0,3673.0,678.0,,11.0,344.0,9810.0,595.0,486.0,96.0,162.0,1766.0,,4.0,3011.0,0.0,28615.0,25600.0,29.5,41.5
2026-05-24 22:15:00,0.0,,7423.4,3676.0,634.0,,10.0,346.0,8618.0,596.0,487.0,694.0,,1756.0,,4.0,3062.0,0.0,28163.0,25097.0,30.0,44.1
2026-05-24 22:30:00,0.0,0.0,7485.0,3642.0,659.0,,11.0,345.0,7367.0,586.0,469.0,728.0,167.0,1749.0,,3.0,3136.0,0.0,27634.0,24495.0,30.7,47.3
2026-05-24 22:45:00,0.0,0.0,7451.0,3603.0,667.0,,11.0,346.0,7380.0,584.0,454.0,782.0,10.0,1760.0,,2.0,3163.0,0.0,27126.0,23961.0,31.2,47.2
2026-05-24 23:00:00,0.0,,7539.0,3480.0,662.0,,10.0,345.0,7365.0,585.0,368.0,826.0,,1757.0,,2.0,3072.0,0.0,26537.0,23463.0,30.8,46.3
2026-05-24 23:15:00,0.0,,7348.1,3450.0,656.0,,10.0,344.0,7358.0,587.0,315.0,824.0,,1730.0,,1.0,2777.0,0.0,25466.0,22688.0,30.6,45.2
2026-05-24 23:30:00,0.0,,7042.0,2338.0,650.0,,9.0,345.0,7082.0,587.0,313.0,830.0,,1727.0,,0.0,2777.0,0.0,25055.0,22278.0,26.6,42.1
2026-05-24 23:45:00,0.0,,6948.0,2291.0,711.0,,9.0,344.0,6940.0,532.0,317.0,856.0,,1723.0,,0.0,2863.0,0.0,24285.0,21422.0,27.6,42.7
2026-05-25 00:00:00,,,6278.0,3449.0,678.0,,,349.0,6615.0,587.0,315.0,,4.0,1741.0,,1.0,2816.0,0.0,23896.0,21079.0,32.8,47.4
2026-05-25 00:15:00,,,6283.0,3377.0,700.0,,,356.0,6581.0,587.0,308.0,,2.0,1720.0,,1.0,2834.0,2.0,23395.0,20558.0,33.4,47.4
2026-05-25 00:30:00,,,6288.0,3386.0,680.0,,,360.0,6676.0,588.0,307.0,338.0,,1724.0,,0.0,2808.0,0.0,23013.0,20205.0,33.8,47.0
2026-05-25 00:45:00,0.0,,6294.0,3248.0,689.0,,,366.0,6613.0,588.0,301.0,338.0,,1721.0,,1.0,2829.0,0.0,22785.0,19955.0,33.6,46.8
2026-05-25 01:00:00,0.0,,6256.0,3301.0,727.0,,,369.0,5816.0,588.0,322.0,306.0,,1723.0,,3.0,2839.0,0.0,22471.0,19629.0,34.6,49.6
2026-05-25 01:15:00,,,6189.3,3233.0,719.0,,,376.0,5435.0,588.0,301.0,,,1717.0,,2.0,2880.0,0.0,22174.0,19292.0,34.8,50.6
2026-05-25 01:30:00,,,6265.0,3275.0,726.0,,,380.0,5642.0,578.0,289.0,,,1722.0,,1.0,2887.0,0.0,22034.0,19146.0,35.2,50.0
2026-05-25 01:45:00,,,6267.0,3256.0,717.0,,,379.0,5565.0,588.0,286.0,,,1720.0,,1.0,2894.0,0.0,21708.0,18813.0,35.7,50.3
2026-05-25 02:00:00,,,6298.0,2920.0,688.0,,,379.0,5660.0,588.0,286.0,,,1720.0,,2.0,2875.0,0.0,21366.0,18489.0,34.4,48.7
2026-05-25 02:15:00,,,6292.0,2879.0,668.0,,,379.0,5597.0,578.0,284.0,,,1714.0,,2.0,2856.0,0.0,18819.0,15961.0,38.6,48.6
2026-05-25 02:30:00,,,6301.0,1903.0,687.0,,,380.0,5619.0,578.0,285.0,,,1719.0,,2.0,2833.0,0.0,21312.0,18477.0,29.5,44.9
2026-05-25 02:45:00,,,6304.0,2870.0,685.0,,,382.0,5676.0,578.0,287.0,,,1717.0,,2.0,2848.0,0.0,21107.0,18257.0,34.4,48.3
2026-05-25 03:00:00,,-1190.0,6489.0,2997.0,720.0,,,380.0,5960.0,588.0,320.0,,0.0,1707.0,,2.0,2947.0,0.0,21212.0,18263.0,35.7,48.5
2026-05-25 03:15:00,,-834.0,6491.0,2840.0,710.0,,,383.0,6010.0,587.0,290.0,,0.0,1706.0,,2.0,2770.0,0.0,21324.0,18552.0,33.8,47.1
2026-05-25 03:30:00,,-587.0,6489.0,2846.0,709.0,,,383.0,5777.0,577.0,286.0,,,1710.0,,2.0,2868.0,0.0,21307.0,18437.0,34.2,48.1
2026-05-25 03:45:00,,-373.0,6488.0,2840.0,700.0,,,383.0,5393.0,577.0,278.0,3.0,,1717.0,,2.0,2885.0,0.0,21215.0,18328.0,34.3,49.3
2026-05-25 04:00:00,,,6414.0,2867.0,698.0,,,383.0,5466.0,577.0,277.0,74.0,,1712.0,,2.0,3266.0,0.0,21265.0,17997.0,36.1,50.4
2026-05-25 04:15:00,,,5611.1,2903.0,717.0,,,383.0,5219.0,577.0,284.0,74.0,,1710.0,,2.0,3372.0,0.0,21495.0,18121.0,36.5,51.8
2026-05-25 04:30:00,,,5763.6,2932.0,704.0,,,384.0,5122.0,577.0,290.0,,,1708.0,,3.0,3394.0,0.0,21623.0,18226.0,36.5,52.3
2026-05-25 04:45:00,,,5863.4,2943.0,706.0,,,384.0,5171.0,577.0,289.0,88.0,,1719.0,,8.0,3338.0,39.0,21960.0,18575.0,36.0,52.1
2026-05-25 05:00:00,,,6011.4,3182.0,706.0,,,383.0,4895.0,577.0,308.0,667.0,,1704.0,,8.0,3291.0,152.0,22645.0,19194.0,36.3,54.1
2026-05-25 05:15:00,,,6295.9,3193.0,708.0,,,383.0,4807.0,577.0,315.0,712.0,,1708.0,,10.0,3239.0,150.0,22831.0,19432.0,35.9,54.3
2026-05-25 05:30:00,,,6502.0,3207.0,711.0,,,383.0,4902.0,578.0,321.0,714.0,2.0,1719.0,,11.0,3205.0,142.0,23284.0,19926.0,35.1,53.9
2026-05-25 05:45:00,,,6495.0,3360.0,675.0,,,383.0,5168.0,578.0,329.0,730.0,1.0,1721.0,,7.0,3130.0,189.0,23584.0,20258.0,35.1,53.2
2026-05-25 06:00:00,,,6542.0,3698.0,694.0,,,383.0,5436.0,588.0,506.0,900.0,38.0,1725.0,,4.0,3124.0,383.0,25391.0,21880.0,35.4,54.4
2026-05-25 06:15:00,,,6532.0,3797.0,709.0,,,384.0,5645.0,588.0,600.0,909.0,492.0,1731.0,,4.0,3063.0,735.0,26501.0,22699.0,35.8,55.0
2026-05-25 06:30:00,,,6524.0,3813.0,714.0,,,383.0,5597.0,588.0,688.0,904.0,899.0,1733.0,,4.0,2962.0,1205.0,27266.0,23095.0,36.6,56.4
2026-05-25 06:45:00,,,6516.0,3823.0,696.0,,,384.0,5413.0,588.0,688.0,907.0,771.0,1731.0,,4.0,2878.0,1883.0,28235.0,23470.0,37.4,58.4
2026-05-25 07:00:00,,,8105.0,3825.0,683.0,,,383.0,5724.0,587.0,605.0,677.0,147.0,1732.0,,4.0,2835.0,2760.0,29732.0,24133.0,38.0,59.0
2026-05-25 07:15:00,,,8103.0,3804.0,692.0,,,384.0,5789.0,587.0,544.0,227.0,577.0,1730.0,,4.0,2619.0,3767.0,30720.0,24330.0,39.1,60.3
2026-05-25 07:30:00,,,8107.0,3654.0,697.0,,,384.0,5753.0,586.0,522.0,225.0,1037.0,1729.0,,3.0,2490.0,4861.0,31391.0,24037.0,40.8,62.0
2026-05-25 07:45:00,,,8112.0,3789.0,703.0,,,383.0,5710.0,586.0,538.0,213.0,283.0,1735.0,,2.0,2361.0,6093.0,32157.0,23701.0,43.8,64.3
2026-05-25 08:00:00,,,8420.0,3411.0,708.0,,,382.0,5944.0,586.0,387.0,142.0,704.0,1737.0,,0.0,2430.0,7257.0,33186.0,23499.0,44.5,64.7
2026-05-25 08:15:00,,,8427.0,3378.0,697.0,,,382.0,5518.0,585.0,350.0,,1071.0,1735.0,,0.0,2404.0,8482.0,33750.0,22864.0,47.1,67.6
2026-05-25 08:30:00,,,8436.0,3298.0,702.0,,,381.0,4879.0,585.0,335.0,,97.0,1741.0,,0.0,2333.0,9605.0,33769.0,21831.0,49.9,70.7
2026-05-25 08:45:00,,,8446.0,3278.0,702.0,,,382.0,4972.0,585.0,326.0,,,1732.0,,0.0,2221.0,10608.0,34160.0,21331.0,51.9,71.4
2026-05-25 09:00:00,,,8338.0,3241.0,677.0,,,383.0,3535.0,584.0,252.0,,564.0,1712.0,,0.0,2041.0,11609.0,33934.0,20284.0,54.2,76.6
2026-05-25 09:15:00,,,8348.0,3179.0,674.0,,,385.0,3109.0,584.0,176.0,,113.0,1713.0,,0.0,1848.0,12214.0,32353.0,18291.0,57.7,78.2
